qi,query,rank_a,rank_b,rank_f
0,buckle round toe flat shoes,11,101,30
1,vintage retro round fashion frame sunglasses,101,101,101
2,love moschino designer handbags black patent leather shoulder bag logo,1,1,1
3,womens casual flared color skater skirt,3,12,6
4,topshop super soft scarf,35,8,12
5,smythson detail notebook,1,3,1
6,metallic long-wear cream shadow,101,84,87
7,boy chanel handbag,8,21,12
8,river island camel suede tie shoe boots,1,1,1
9,philosophy christmas shower gel bubble bath oz,1,1,1
10,leather sandals gucci,2,4,1
11,stella mccartney underwear women lace dots soft cup bra,16,46,20
12,cropped sleeveless top,101,101,101
13,taylor premiere fabulous,1,1,1
14,women's kate spade new york glitter iphone plus case,1,10,2
15,saint laurent women's signature monogram cuff,2,5,2
16,real powder brush,3,10,2
17,classic pearl stud earrings,21,46,33
18,matte black ice sunglasses,101,101,101
19,clear round frame sunglasses,16,17,14
20,river island pink studded metal gladiator sandals,1,1,1
21,color faux gem necklace,5,9,3
22,isabel marant Étoile beverly embroidered tunic,101,33,56
23,black diamond angel wing ring,7,4,6
24,ball clock,1,1,1
25,nike stretch-jersey sports bra,17,16,18
26,mat fabric baseball hat,4,68,27
27,brunello cucinelli cashmere t-shirt,1,1,1
28,joseph stretch wool-blend coat,101,101,101
29,rebecca taylor ruffle crepe dress,2,1,1
30,city chic crochet trim short short,4,1,1
31,christian louboutin rose du desert flat gladiator red sole sandal,33,65,34
32,carvela kurt geiger women leopard faux suede sandals,1,1,1
33,tibi brown fringe scarf,9,6,7
34,nude pleated midi skirt,4,2,3
35,women's maya bow front top,1,14,2
36,maria feather plain cuff,4,2,2
37,schutz calf hair ankle boots,34,12,24
38,laura mercier coral red illuminating powder,3,3,4
39,women's erickson sport,101,101,101
40,dolce&gabbana dolce floral eau de toilette,5,2,5
41,club mini satchel color green,29,13,18
42,purple stone gold-tone drop earrings,19,24,21
43,women lace-up nappa leather punk pants,3,1,2
44,intense ink eyeliner,47,36,33
45,eos limited edition passion fruit smooth lip balm oz,7,7,6
46,river island white pineapple print oversized crop top,1,1,1
47,side pencil skirt,5,68,13
48,vero moda short dress,101,101,101
49,river island black chelsea girl velvet glitter leggings,1,1,1
50,balmain leopard-print calf hair boots,3,1,2
51,roger vivier women patent leather ballerina flats,1,5,3
52,cosmetic,101,101,101
53,mens black leather belt,49,20,36
54,bobbi brown creamy matte lip color,2,6,2
55,dot bo fancy pants vase,18,101,37
56,lanvin jersey maxi skirt,26,54,28
57,charlotte russe straw panama hat,73,79,73
58,moschino bear print silk scarf,1,1,1
59,river island pink aztec print high waisted bikini bottoms,1,1,1
60,faced fall collection,101,101,101
61,shirt goop,101,63,64
62,ballerina trio ballet dance baker iphone case iphone plus case iphone cover iphone plus cover,1,1,1
63,balmain cotton silk-blend tuxedo jacket,3,2,2
64,14kt gold diamond skull necklace luna,1,1,1
65,round gloss coffee table black,1,1,1
66,la perla donna lace bra,21,25,20
67,house wide wood pendant light,100,48,68
68,new york beaded sequin feather earrings,10,3,7
69,valentino b rockstud striped leather shoulder bag,2,1,2
70,rental retro suede patchwork skirt,2,2,2
71,linda farrow gallery big round glasses frame,2,2,2
72,les de la,101,101,101
73,vintage stretch sailor cropped jean,7,7,6
74,trendy 3/4 sleeve asymmetrical solid color kimono blouse women,18,33,16
75,cuff,101,101,101
76,aeropostale check backpack,1,1,1
77,zara leather jacket ruffle detail,2,5,3
78,star paper set,3,3,3
79,tartan short sleeve mini dress,3,2,2
80,bezel ring,101,101,101
81,henri bendel west baby bag,101,54,101
82,stella mccartney blue velvet clutch bag,23,10,16
83,pants man,101,50,101
84,smith women leather platform sandals,22,27,18
85,embellished floral lace gown,13,2,5
86,furla bubble keyring fur pom pom,21,19,16
87,rag bone mini flap crossbody bag,34,32,27
88,tom ford lace-up metallic python sandals,3,2,2
89,allurez blue topaz stud earrings sterling silver set,2,1,1
90,ugg solid ribbed beanie,1,55,3
91,alexander wang stretch top,101,101,101
92,shein sheinside black closure plastic handbag chain,1,4,1
93,stuart weitzman leather over-the-knee boot,3,5,2
94,roberto women's bracelet,48,94,28
95,saint laurent paris ankle boots,46,80,54
96,topshop moto patchwork skirt,1,1,1
97,medium leather pouch,32,9,17
98,choies gray high neck plaid batwing sleeve cape sweater,2,7,3
99,checked chain solid color crossbody bag,31,24,18
100,electric rip rock cat eye sunglasses,2,2,2
101,marc jacobs rose iphone case off-white multi cell phone case,1,1,1
102,le signature handle enamel 3/4 inch iron,9,1,1
103,cashmere gauze,58,21,36
104,straight leg pants,101,101,101
105,ultimate way,101,101,101
106,max mara wool cashmere collarless coat,1,1,1
107,kate spade new york iphone 6/6s case,57,56,56
108,rain flat sheet king,4,14,7
109,re/done wide leg cropped jeans,1,4,1
110,valentino garavani rockstud noir ankle boot,5,4,5
111,calypso st. barth embroidered silk reversible jacket,1,3,1
112,opi classic nail lacquer midnight 15ml,21,13,18
113,marc jacobs pink honey edp 50ml,1,1,1
114,estee lauder pure color five color eyeshadow palette,5,6,6
115,lauren ralph lauren slim wallet,3,2,2
116,metallic gold print addict graphic tee womens graphic tee womens graphic tshirt,101,101,101
117,best iphone 5s cases,3,6,2
118,easy lamp gold,3,3,3
119,flower,101,101,101
120,gianvito rossi knee-high boots,18,22,15
121,reiss silk trim tank,2,6,2
122,live love bandeau top,4,1,1
123,faux-leather slim-fit pants,13,6,4
124,deluxe wrap choker,11,7,7
125,tibi jack sandals,101,21,101
126,l.a. girl matte velvet lipstick,101,101,101
127,marni cropped embellished silk-satin crepe top,1,1,1
128,jimmy choo rebel soft small shoulder bag,2,1,1
129,coral pullover jacket,1,1,1
130,marc marc jacobs supply iphone case,2,5,3
131,carvela kurt geiger black,101,101,101
132,bobbi brown nail polish pink cloud,1,1,1
133,alexander mcqueen studded plexi cuff,1,1,1
134,asymmetrical drop earrings,101,101,101
135,betsey johnson beautiful blush owl watch,1,1,1
136,women's oversized woven straw tote handbag tan,18,22,16
137,happy halloween sign halloween art halloween decor black white halloween halloween art,1,1,1
138,zara studded sandal,1,1,1
139,whistles foldover zip clutch,1,1,1
140,saint laurent classic dance ballerina flat silver metallic leather,1,1,1
141,white black plus size printed trousers,30,15,19
142,puma digital black white watch,1,1,1
143,forever bold acid wash skinny jeans,2,6,3
144,maurices multicolor chevron stripe maxi dress belt,7,1,2
145,exclusive black set,15,2,2
146,aquazzura suede espadrille wedge sandals,4,2,3
147,victoria beckham classic aviator sunglasses,41,34,36
148,la beanie,101,87,101
149,yoins yoins color block tote bag,50,42,40
150,guerlain limited edition rouge g de guerlain complete lip colour holiday collection,2,2,2
151,pre-owned clear quartz diamond flower pendant necklace,1,1,1
152,adidas tee women's,5,2,3
153,metal insert textured pu evening bag,57,1,6
154,rainbow graffiti dance urban,1,1,1
155,vans womens authentic lo pro shoe black,1,5,1
156,shop linda farrow,101,101,101
157,boohoo tall neck strap caged body boohoo,2,2,2
158,aquazzura denim espadrille sandals,2,2,2
159,ribbed cotton,101,55,69
160,letter embroidered wool coat pocket,6,1,1
161,kate spade new york resin phone case 5s,46,22,33
162,j brand distressed high rise crop skinny jeans,37,19,18
163,topshop contrast trim tee,2,2,1
164,faced sweet peach peach blush,6,1,3
165,natasha silver-tone pink necklace,3,1,1
166,old navy triple roll socks pack baby,101,101,101
167,dot floor lamp,6,18,8
168,allurez princess sapphire diamond pendant necklace 14k white gold,1,1,1
169,hair blend lace wig,8,46,27
170,topshop moto authentic ripped skinny jeans,101,101,101
171,estee lauder summer glow eyeshadow palette,5,2,4
172,pre-owned smooth leather briefcase,1,1,1
173,back mini dress,101,101,101
174,river island white round sunglasses,1,1,1
175,clinique silk makeup broad spectrum spf,2,1,1
176,mac red matte lipstick,2,2,2
177,striped dress,79,46,55
178,essentials basics black headphones,24,30,26
179,plus size red check longline shirt,1,1,1
180,elegant crystal necklace,40,18,27
181,stila tools brush set,2,1,1
182,dolce gabbana burgundy small monica bag,1,1,1
183,nail polish bling duo,3,6,5
184,roman holiday audrey photo,11,1,6
185,charlotte olympia abstract kitty white velvet loafers,2,1,1
186,nike air max premium sneakers,16,17,17
187,j.crew merino skirt,101,21,101
188,black lenses white round sunglasses,11,2,4
189,kate spade new york baguette drop earrings,2,1,2
190,brooks brothers crew socks,1,1,1
191,balmain paris hair couture hair brush,1,1,1
192,stuart weitzman scoop d'orsay pumps,8,8,5
193,le3no womens cuffed medium rise denim shorts,1,1,1
194,large lace tote,1,1,1
195,saint laurent duffle bag black,1,4,1
196,yoins blue denim rip shorts raw hem,101,101,101
197,sleeveless hooded fringe sweater vest,1,1,1
198,valentino rockstud double reversible tote,1,1,1
199,jennifer meyer pendant necklace,27,12,11
200,paper co. notebook set,2,3,2
201,stiletto heel solid color design sandals women,58,47,41
202,drawstring zippered long sleeve fur hooded coat,60,18,29
203,colors men's solid straight underwear,1,1,1
204,vest top,101,101,101
205,stella mccartney cat-eye leopard-print acetate sunglasses,8,22,12
206,snakeskin pattern faux leather analog watch,27,1,6
207,madden girl nude patent high heels,2,2,2
208,kate spade fashion umbrella rain check,2,3,2
209,fendi small tote,9,22,9
210,brown cubic zirconia butterfly pendant necklace silver,6,4,4
211,oval stone mixed bangles set,9,1,1
212,le3no womens vintage long sleeve denim jean jacket pockets,53,9,20
213,preowned ivory fox fur coat,1,1,1
214,nearly natural mixed peony,47,12,31
215,keds ox women sneakers,1,14,2
216,cicihot brown faux leather fold plaid print combat boots,5,11,6
217,tory burch jamie clutch,35,22,24
218,emporio armani watch,13,8,10
219,pillow home couture turquoise flower pillow cover,1,1,1
220,sonia rykiel pom pom checked wool pencil skirt,1,1,1
221,high waist ripped denim pant,101,101,101
222,bcbgmaxazria wrap coat,3,2,2
223,pre-owned chanel square chain sunglasses,30,4,9
224,stila kiss lip,5,4,4
225,rock n rose plum rose crown headband,2,2,1
226,dr. martens boot ivory lace-up boots,1,1,1
227,beats wireless headphones silver beats dre,1,1,1
228,golden cage top,2,1,1
229,moschino shorts,2,1,2
230,monsoon embroidered skort,1,1,1
231,calvin klein lace trim,1,1,1
232,double cat eye mirrored sunglasses,25,31,24
233,united couture cropped tank,29,101,75
234,sans souci floral cold shoulder top,6,4,4
235,shein sheinside blue pockets ripped loose denim pant,9,3,6
236,striped top,42,101,60
237,clock mint ice cream,5,9,6
238,joy street studded messenger bag,49,57,35
239,beauty powder foundation tan,23,63,32
240,forever men's plaid shirt,11,19,6
241,gianvito rossi bordeaux velvet sandals,1,1,1
242,black long sleeve shoulder mermaid maxi dress,1,1,1
243,st. mules,101,101,101
244,schutz heel nude,3,3,3
245,lily women online teen clothing apparel womens women fashion clothing trendy juniors prom dresses evening gowns celebrity clothing styles lily boutique,101,101,101
246,black drop shoulder sweatshirt colorful pom pom detail,1,1,1
247,jewel gown,50,7,11
248,kenneth jay lane resin cuff bracelet,23,97,46
249,louis vuitton palm backpack mini,5,4,5
250,citizens humanity rocket crop high-rise skinny jeans,101,14,101
251,women's topshop boutique relaxed cashmere tank,29,49,24
252,romantic ribbon pink rose bracelet,2,10,4
253,mini christmas forest house,1,1,1
254,accessorize precious stone pendant necklace,6,101,27
255,logo shorts ivy park,1,4,2
256,valentino women's rockstud crossbody,101,101,101
257,ashley heart shaped crossbody bag pink,2,3,2
258,marni fringed backless loafers,1,1,1
259,chelsea singlet,101,101,101
260,topshop pleat flower trousers,101,6,76
261,10k gold butterfly heart pendant necklace,1,1,1
262,maison martin margiela stretch cotton skinny jeans,101,101,101
263,chloe drew calfskin leather shoulder bag,7,17,9
264,lands end women's petite sleeveless iron shirt,2,3,2
265,marilyn leather clutch bag,101,101,101
266,fashionable peep-toe pu women sandals,101,32,84
267,air classic ceramic flat iron,5,1,2
268,mid rise shorts red glass adult plus,2,1,1
269,oversized floral love embroidered sweatshirt,1,1,1
270,fox rainbow crystal embellished necklace,1,8,1
271,pink nike air max essential trainers,7,2,6
272,yoins bow blouse,15,27,13
273,mustard classic tote handbag,3,5,3
274,kate spade eyes iphone case,1,1,1
275,white round toe lace-up sneakers,7,10,6
276,lola white ruffled top,55,18,29
277,stella mccartney panelled cotton-blend leggings,101,49,63
278,charlotte olympia velvet pump,15,10,11
279,forever bow hair tie,1,2,1
280,punk rock tshirt white gray cotton blend unisex size m l xl,17,18,13
281,michael kors bags,100,101,99
282,armani pleated satin dress,56,101,69
283,noir hand black desk,2,1,1
284,women vintage wool flower felt hat winter bucket cap,2,1,1
285,marni embellished fur clutch,24,35,26
286,chloé silk chiffon blouse,13,3,7
287,marc marc jacobs women wedge sandals,6,7,8
288,msgm oversized knot platform sneakers,5,1,1
289,pump women,101,101,101
290,alloy faux leather necklace,5,1,1
291,nike air force trainers,14,17,16
292,boyfriend jeans blue sky,60,35,43
293,flower stripes palazzo trousers,6,3,3
294,cavalli distressed jean jeans,2,1,1
295,ag jeans burgundy skinny jeans,6,3,4
296,chanel vintage logo bucket bag,2,1,2
297,faux leather bralet top black,8,7,7
298,guess metallic logo tee,1,1,1
299,zipper nylon dark colour backpack,16,14,10
300,cream sandals flats,35,32,26
301,rouge crème,101,101,101
302,h&m scarf,101,101,101
303,boohoo boutique brocade pleated prom skirt,2,3,1
304,marc jacobs embellished leopard-print faux fur coat,10,1,1
305,acne studios cropped leather biker jacket,16,6,14
306,christian louboutin calf hair slippers,1,1,1
307,around around chanel full flap bag black,1,1,1
308,black chunky caged platform heels,11,16,13
309,yellow floral lace scallop hem crop top,3,3,3
310,daisy heart tee,1,1,1
311,snakeskin bustier,1,1,1
312,moschino short dress,28,101,42
313,heritage oliver sofa,20,18,14
314,acrylic nails,101,101,101
315,diane von furstenberg patent leather lizard shoulder bag,18,2,3
316,mansur gavriel women's saffiano large bucket bag,6,8,7
317,burberry checked scarf,1,1,1
318,blue hair,2,2,2
319,tiffany wrap bracelet 18k gold diamonds tiffany co.,101,15,52
320,look gold dress doll,1,1,1
321,large pendant,98,47,53
322,alexander wang mint mid rise shorts,7,19,8
323,plein bustier top,101,101,101
324,nylon bomber jacket,101,101,101
325,pre-owned sunglasses sporty design,12,11,10
326,yoins embroidery sleeveless cami top tassel detail belt,1,1,1
327,beaded wool dress,34,11,16
328,women pure color vintage pu leather crossbody bags shoulder bags,20,21,14
329,laura gold-plated rings set four,47,45,39
330,new look grey belted longline coat,10,2,8
331,pre-owned des jeans,101,63,83
332,floral print sneakers,7,2,5
333,diane von furstenberg new short dress,55,1,14
334,bebe chiffon sandals,1,3,1
335,black cashmere fur pom pom beanie,5,4,4
336,lanvin embroidered flower pencil skirt,7,5,5
337,embossed panel fluffy clutch bag,20,3,7
338,fringed suede bag,78,3,23
339,palm beach jewelry oval cut cubic zirconia earrings sterling silver,14,18,6
340,casual women's backpack tassels letter print design,1,1,1
341,black leather boots floral embroidery,1,1,1
342,moonstone skin,62,101,101
343,bella sporty color block crop top,13,21,13
344,black silver paris skyline wide bangle,1,1,1
345,charlotte olympia bardot linen ballet flats,3,3,3
346,alexander mcqueen floral skull motif cotton t-shirt,1,1,1
347,shein sheinside black plaid bodycon skirt,38,16,23
348,vivienne westwood accessories medium alex crossbody bag,1,1,1
349,around around vintage chanel no. belt gold,21,5,13
350,celine green navy leather luggage tote bag,2,1,1
351,lily wool throw,12,68,35
352,feather iphone case,1,2,2
353,versace classic bomber jacket,16,2,6
354,london slogan t-shirt,101,97,101
355,vintage bow pearl diamond heart shape pendant necklace,12,4,8
356,kate spade new york street snakeskin satchel bag,1,2,1
357,derek lam crosby mini top handle cross body bag,18,101,36
358,sigma essential brush kit bunny,6,4,4
359,red camel berry tassel tote,14,33,17
360,pre-owned burberry croc embossed leather pointed toe pumps,1,1,1
361,women's chanel coco noir parfum,4,9,5
362,long spike charm necklace,6,7,4
363,chanel coco bath soap oz.,1,3,1
364,armani jeans jeans,88,101,67
365,ash jungle sneaker,58,9,20
366,red valentino bow leather headband pink,2,3,3
367,faux jewel t-strap sandals,2,2,1
368,dior diorific vernis nail polish,1,1,1
369,girl power t-shirt,1,1,1
370,women's elizabeth james micro leather crossbody bag,101,101,101
371,black white cute stud earrings 90s soft grunge pastel goth jewelry,13,24,15
372,valentino rockstud crossbody bag,81,35,63
373,citizens humanity high rise rocket hem jean,5,61,14
374,foundation brushes kit makeup brush cosmetic puff cream powder,17,4,6
375,straw studios sweater tote,4,4,3
376,saint laurent monogramme quilted chain shoulder bag,12,9,10
377,h&m bracelet flowers,1,4,1
378,lauren ralph lauren beaded smooth metal cuff bracelet,63,41,50
379,pale shorts,101,101,101
380,coffee cup embroidered lace-up jogger pants,1,1,1
381,rosie cuffed pants,101,101,101
382,givenchy shiny lord calfskin medium antigona burgundy,1,1,1
383,michael kors sutton large black leather tote,1,4,1
384,forever etched rhinestone midi ring set,4,6,3
385,burberry black women's boots,101,33,64
386,red plus size leather jacket,1,12,1
387,hourglass brush,3,2,2
388,kate spade new york gold womens gold-tone metro mint leather strap watch,1,1,1
389,prada tote,16,31,23
390,tod's leather wallet,2,1,1
391,filigree flower stud clip earrings,1,1,1
392,chloé broderie lace blouse,2,13,1
393,marc jacobs designer sunglasses marc acetate round aviator women's sunglasses,19,101,30
394,versace leather strap watch,2,1,1
395,tommy hilfiger long sleeve v-neck jumper,1,1,1
396,hooded zip jacket,47,71,63
397,essie essie summer collection nail color sunset,3,2,3
398,diane james rose peony bouquet glass vase,7,9,6
399,kate spade women's metro watch,21,8,15
400,mohair blend jumper,83,47,71
401,dannijo crystal drop earrings,6,1,2
402,violeta mango mohair knitted cocoon coat medium grey,8,2,4
403,spring step womens chino slip,1,2,1
404,leather faux suede mini chain shoulder bag,99,101,101
405,oval shape diamond earring 18k rose gold,1,2,1
406,heat spray oz,1,1,1
407,diamond necklace harry,101,13,37
408,jonathan braided pearl jacket,33,5,12
409,forest multi necklace,101,101,101
410,heather grey skinny yoga pants,13,5,7
411,hermÃ¨s new york boot,45,101,55
412,resin rhinestone vintage drop earrings,60,10,15
413,dolce gabbana fragrance dolce pour femme eau de parfum,1,4,1
414,gold crystal hair slide,2,11,4
415,balenciaga high-waist leather shorts,1,1,1
416,yoins black sexy v-neck split flared sleeves dress,1,2,1
417,mango chain vintage belt,101,101,101
418,marc jacobs taylor lace-up patent-leather ankle boots,19,20,18
419,laura mercier skin cheek colour oz,1,1,1
420,princess tattoo backpack,1,1,1
421,saint laurent monogram small glitter,1,3,1
422,balmain embellished mini skirt,1,1,1
423,kevyn aucoin mascara curling,1,1,1
424,black woven feather charm gold-tone bib statement necklace,1,1,1
425,double-breasted turn-down collar solid color coat,25,32,26
426,marni printed cotton mini skirt,5,2,2
427,bohemian boho silver hoop charm ethnic tribal floral geometric raw brass statement necklace,1,1,1
428,giorgio armani face eye palette,2,1,2
429,msgm pleated flared skirt,101,39,90
430,light pink rose print fringe kimono,1,2,2
431,molly jegging,101,101,101
432,opi nail lacquer funny bunny,3,1,3
433,black patent pumps,32,46,32
434,medium vinyl bean bag chair,2,1,2
435,clinique lash oz.,4,4,4
436,lancome la belle eau de parfum oz,8,6,7
437,elle ruffle skirt,101,101,101
438,vivienne westwood cropped utility trousers,8,19,11
439,gucci ruffle v-neck silk shirt,1,1,1
440,design quartz grande,18,90,20
441,crepe blazer zara united states,1,1,1
442,print,101,101,101
443,monki scarf,101,101,101
444,david yurman crossover earrings gold,1,1,1
445,michael kors gold luxe edition eau de parfum,1,1,1
446,keds women's boat shoes,2,1,1
447,anne 18kt yellow gold fire opal diamond triple drop earrings,1,1,1
448,acne studios wool-blend sweater,12,2,5
449,detachable hooded pu leather thicken jacket,2,1,2
450,black white striped earrings black white jewelry striped earring stripes post earrings stud earring jewelry black white zebra,2,1,1
451,h&m jersey trousers,6,1,2
452,dream necklace hot topic,66,101,101
453,victorian emerald diamond gold ring,1,1,1
454,street fashion cat eye sunglasses,101,101,101
455,topshop jogger pants,72,73,65
456,tiffany w glass,101,101,101
457,double cut-out arm cuff,6,4,3
458,cat eye sunglasses,101,101,101
459,dark camel leopard pattern design stylish classic pure wool scarf shawl,2,2,1
460,boohoo satin floral shorts boohoo,3,2,1
461,yoins white lace-up design shoes,101,63,101
462,pre-owned chanel bracelet,7,17,12
463,diamond wing pendant white gold,1,1,1
464,black hair clips,1,1,1
465,ruby diamond ring 10k white gold,1,1,1
466,chanel le et lip contour care,1,1,1
467,charlotte russe gray knee-high socks charlotte russe charlotte russe,8,3,5
468,handmade turquoise coral stone statement gypsy bohemian necklace eye ring boho ring ring eye necklace,101,101,101
469,vintage chain swag dangle earrings blue crystal,1,1,1
470,gucci dionysus gg supreme shoulder bag,2,3,2
471,topman black cotton bomber jacket,2,1,1
472,taylor daily,101,68,72
473,t-shirt lipstick,2,1,2
474,free people sweater,2,2,2
475,mary katrantzou envelope clutch,32,3,8
476,khaki slit velvet cami dress,2,1,2
477,women's hunter wellington boots,11,10,12
478,justin bieber key edp 50ml,6,3,4
479,toast wooden ipad,2,2,2
480,a.p.c. striped cotton dress,1,1,1
481,rag wash skinny jeans,101,101,100
482,finger crop top shirt tee womens girl funny fun tumblr hipster swag grunge goth punk,1,1,1
483,chicwish cable knit crop sweater beige,1,2,1
484,leather shorts,1,3,1
485,michael kors spike statement necklace,14,11,8
486,manolo blahnik bb patent point-toe pump light green,2,2,2
487,first beauty gentle cleansing,1,1,1
488,handbags tropical cross body handbags,6,3,3
489,white solid color high waist pleated cute skirt,1,1,1
490,apple macbook pro,2,2,2
491,ring like tattoo,101,101,101
492,leaves print vintage metallic bangle,101,101,101
493,matte orchid stiletto nails fake nail stiletto nail kylie black stiletto nail press nail acrylic nail fake nail stiletto,34,8,17
494,white lace heart rustic wedding,1,1,1
495,victoria's secret pink nail paint,1,1,1
496,pre-owned christian louboutin kate plum pumps,1,1,1
497,lucky women's flat sandal,9,14,4
498,yeezy season destroyed mini skirt,3,3,3
499,navy vintage floral loose kimono,1,1,1
500,blue topaz white sapphire butterfly ring sterling silver,1,1,1
501,topshop tall crochet shorts,4,1,1
502,women faux fur wrap cape shawl wedding,4,2,2
503,pre-owned chanel caviar medium flap bag,22,7,14
504,hanging ball chair two colours,1,2,2
505,adidas originals series leggings box logo,1,1,1
506,yoins white v-neck sleeve shirt,101,101,101
507,jil sander navy leather biker boots,5,4,3
508,emilio pucci jumpsuit,81,67,70
509,rivet two bag beige,10,9,7
510,vans authentic lo pro white skate shoes,31,22,29
511,asos woven sandals,101,7,49
512,womens american flag blend tank top us apparel white m l xl,2,1,2
513,wood pant,101,101,101
514,madewell mini crossbody,5,4,3
515,wall decoration,69,101,101
516,maurices medium denim jacket,3,9,6
517,fendi cat-eye gold-tone mirrored sunglasses,1,2,1
518,a.p.c. candle,3,1,2
519,charlotte russe metallic two-piece dress sandals,2,4,2
520,cole bootie,101,101,101
521,petite topshop moto hayden ripped boyfriend jeans,26,9,13
522,kate red suede pumps,4,4,3
523,chloé cognac brown leather,18,7,10
524,women casual horn sleeve hooded solid color hoodie,4,4,4
525,bobbi brown nude finish tinted,1,1,1
526,travel mug work coffee,1,1,1
527,rochas metallic leather shoulder bag,1,1,1
528,topshop velvet lined make brush set,1,1,1
529,cover leather travel wallet,18,10,12
530,aquazzura suede ankle boots,2,4,3
531,shein sheinside apricot spaghetti strap shoulder dress,14,45,14
532,opal coast eyeshadow,31,101,87
533,women's ballet shoe comfort light faux suede low heel multi colored flat,32,10,19
534,high-low chunky turtleneck sweater,19,60,26
535,yoins tassel double ring,1,1,1
536,women casual flat knee stretchy boots,18,1,3
537,dolce gabbana small flap crossbody bag,3,2,2
538,men's python plus case,4,1,2
539,tom ford boots shoes,101,12,31
540,chiffon shoulder blouse women's clothing apparel chic dresses fashion tops shoes bottoms denim accessories,78,101,74
541,saint laurent mary jane patent leather pumps,22,19,17
542,shein sheinside white long sleeve eyelash embroidered blouse,16,23,16
543,rustic pillow,1,13,1
544,old navy casual dress size medium,1,1,1
545,tom magnolia eau de parfum 50ml,1,1,1
546,color block corduroy backpack,7,2,2
547,high waist buttoned front denim skirt,28,33,28
548,river island coral slub knit cardigan,1,1,1
549,salvatore ferragamo high-heel leather pumps,1,1,1
550,brown vintage shower gel 75ml,4,9,6
551,charlotte olympia heels,101,28,95
552,bella embroidered,101,101,101
553,18k white gold music note diamond pendant necklace free silver box chain,7,2,5
554,cheap monday women's sweatshirt light grey,14,5,5
555,summer glow products elle canada,101,101,101
556,american vintage tank top olive,2,17,4
557,velvet bootie,11,3,6
558,r13 oversized bomber coat,1,1,1
559,embroidered cotton-blend lace pencil skirt,31,9,20
560,saint laurent classic paris pump gold leather,1,1,1
561,beach bracelet coral bracelet,3,2,2
562,gianvito rossi mid heel pumps,5,15,4
563,yellow gold ribbon heart stud earrings gold,3,1,2
564,ii navy leather,101,54,75
565,shein sheinside brown open shoulder knit sweater,2,1,2
566,whistles stripe oversize boxy t-shirt blue,1,1,1
567,watches watch,101,101,101
568,elegant footwear star combat boot,101,28,45
569,coast lotus earrings,101,101,101
570,metallic printed croc cut-out heel pump,1,1,1
571,simple elegant pastel yellow ipad cover case,8,20,12
572,one bella throw pillow black white,1,2,1
573,floral jacquard oversized coat,1,1,1
574,glitter flower pearl earrings timeless pearl,1,1,1
575,women's kate spade new york stack bangles,101,101,101
576,crystal pendant light brass,1,1,1
577,black boots gold,8,7,6
578,gucci silk wool dress,2,6,2
579,ruby accessories aqua rose gem stretch bracelet set,2,1,1
580,blouse blue violet,15,6,6
581,hip swag double bridge super round half frame cat eye sunglasses,1,6,1
582,saint laurent classic paris zip ankle boot black white leather,2,2,2
583,yoins pink rib deep v-neck knit casual sweater,9,11,9
584,miu miu denim miniskirt,38,3,8
585,striped satin jumpsuit,1,1,1
586,store,101,101,101
587,rare london fringe crop top zip,7,12,9
588,metal square buckle tote bag brown,4,1,2
589,roll neck jumper,101,101,101
590,asos felt fedora hat elephant trim,48,1,3
591,cropped top,101,101,101
592,special cut onyx gold ring,1,11,5
593,white womens crew neck short sleeve lion crown printed t-shirt,1,1,1
594,see chloé zipped ankle boots,12,1,1
595,converse chuck taylor star slip-on ox women's slip shoes,6,3,4
596,cotton print tunic multicolor,2,4,2
597,trendy candy color patent leather design women's flat shoes,8,8,6
598,oscar de la renta high neckline lace blouse,11,4,4
599,strawberry print spaghetti straps crop top,1,1,1
600,novica romantic leather silver necklace,30,101,68
601,women's christian louboutin bianca platform pump,1,2,1
602,pointed toe stiletto heel fringe boots,14,9,10
603,men fit plaid brushed wool pants,3,2,2
604,dolce gabbana resin banana necklace,2,2,2
605,vintage handmade bohemian rug,5,1,2
606,black polka dot button shirt,1,2,2
607,quay australia sunglasses,101,14,24
608,carven boyfriend style trousers front,101,101,101
609,moschino quilted bomber jacket,2,2,2
610,summer white flowers print women’s shorts,80,5,23
611,lauren ralph lauren stretch belt,101,8,26
612,dolce gabbana printed metallic leather box clutch,10,101,21
613,dot bo chandelier,101,65,93
614,18ct gold diamond pearl bangle,1,1,1
615,free people crochet pullover,1,1,1
616,yoins t-shirt,101,101,101
617,gianvito rossi suede pointed high heels,9,41,13
618,posh bow waist belt,10,13,9
619,cream leather western block heel ankle boots,23,4,15
620,heart letter sweater,101,101,101
621,yoins plus size navy sleeves loose coat,5,6,5
622,burgundy striped high neck t-shirt,1,1,1
623,mirrored iphone 6/6s pom case,1,1,1
624,digital printed bermuda shorts,17,14,11
625,carven ruffled cotton cami,4,3,3
626,aquazzura espadrille,7,10,8
627,bobbi brown women's shimmer brick,1,4,3
628,coral roses,1,1,1
629,amethyst white topaz fashion ring,1,2,1
630,chuck taylor star chelsea rubber boot converse,5,4,4
631,jonathan,101,101,101
632,vintage shredded grunge jeans,2,8,3
633,white vertical striped open shoulder shirt dress,2,1,1
634,nicole miller women's silver,101,101,101
635,black slouch beanie,1,9,2
636,skinny high jeans,6,5,3
637,current/elliott fling mid-rise slim boyfriend jeans,6,101,10
638,arrow rectangle bar necklace,1,1,1
639,accessorize kensington cable fur pom beanie hat,12,21,18
640,romance flowers,19,32,26
641,suede metal stiletto heel pumps,101,101,101
642,spaghetti strap peplum hem tank top,2,1,1
643,boss boss men's regular fit pants,101,85,96
644,msgm floral-print cotton top,4,1,2
645,solid color high waisted pants,12,15,8
646,dolce gabbana print continental wallet,7,1,2
647,dolce gabbana silk blouse,2,4,3
648,womens arizona sandal white,4,3,4
649,candy red lips p,1,1,1
650,spring crossbody bag,101,101,101
651,michael michael kors hamilton handbag,101,43,68
652,bing leather skinny pants,101,63,101
653,h&m striped jersey top,1,1,1
654,high heels blue,31,39,34
655,chicwish flap skirt khaki,7,9,6
656,ice stand,101,101,101
657,beauty u,101,101,101
658,super ripped skinny jeans black,41,41,33
659,victoria beckham seven mini mini v tote,31,33,20
660,yoins silver plated charm artificial pearl necklace,1,4,1
661,sans souci heather grey chunky cable knit cardigan,2,1,1
662,acne leather wedge boots women,11,14,10
663,lee chandelier,55,45,54
664,earrings rouge passion,62,93,70
665,kenzo appliquéd wool sweater,3,1,1
666,dolce gabbana sicily von crystal belt wallet,11,1,2
667,tory burch triple zip satchel,12,2,8
668,ted baker style blazer blue,2,3,3
669,river island black chevron print skirt,2,1,1
670,layered etched studded boho necklace,4,26,9
671,olive green polka dots lace,45,3,9
672,gucci lamb fur coat embroidery,7,3,4
673,doublju womens jersey yoga pants,7,64,10
674,sonia rykiel cropped sequined wool sweater,2,1,1
675,black leather bucket handbag crossbody bag,101,78,91
676,rope sandals,1,1,1
677,raw,101,101,101
678,calvin klein nylon backpack,2,1,2
679,cashmere luxe pompom hat,5,2,3
680,beauty life women's powder blush,88,101,101
681,armani rouge sheer lipstick,5,9,6
682,matthew williamson embroidered mohair knitted top,44,51,27
683,preowned purple pearl diamond gold earrings,2,1,1
684,golden eye palette shadow mascara,101,101,101
685,cream retro ice cream x,11,17,11
686,bling jewelry ruby slippers studs,15,6,7
687,monochrome work notebook,2,2,2
688,fendi baguette leather bag,1,1,1
689,tibi maxi skirt,101,25,101
690,yves midi fur coat,47,9,15
691,lands end women's plus petite size trench coat,1,1,1
692,mary katrantzou velvet pouch clutch,101,81,101
693,world harry potter gift box,101,54,69
694,shein sheinside black rivet pu leather bag,53,101,56
695,camo print bralet top,2,2,2
696,charlotte tilbury hot lips electric poppy,1,1,1
697,chiffon pleated pants,4,3,3
698,mac blue,101,101,101
699,adidas small duffel bag,1,2,1
700,diesel women's love quartz stainless steel leather automatic watch color black model,2,1,1
701,banana republic women factory sleeveless poplin button shirt,1,1,1
702,cheap chic anchor necklace,5,3,5
703,dolce gabbana double breasted coat,1,7,3
704,saint laurent saint laurent striped cotton wool-blend sweater midnight blue,6,1,2
705,chloé scalloped jeans,7,6,5
706,pre-owned dolce gabbana wool hat,58,101,72
707,slim smart string lighting christmas,101,96,89
708,givenchy ankle boots,3,1,2
709,stylish u neck space dyed racerback top women,10,8,9
710,feather tattoo,1,1,1
711,rebecca minkoff tote mini bags,2,1,1
712,ted baker wool trench coat,12,6,9
713,yoins black tank top cross print,1,1,1
714,karl lagerfeld box clutch,1,1,1
715,women's mask,50,101,66
716,chanel vintage mini flap shoulder bag,2,2,2
717,tom ford johnson medium aviator sunglasses,2,2,1
718,barrel love heart,101,101,101
719,moschino cropped leopard-print faux fur coat,1,2,1
720,paige cropped boyfriend jeans,3,1,1
721,givenchy shark turn lock leather sandals,2,1,2
722,bardot corset,89,101,91
723,louis vuitton electric,10,17,9
724,beauty silver charm bracelet,1,1,1
725,soft denim top,101,26,82
726,miss selfridge khaki shawl parka,1,1,1
727,amazon.com beads bangle bracelets white clothing,101,47,101
728,noir waterproof eye pencil oz,1,1,1
729,women's kate spade new york rise shine stud earrings,76,20,35
730,shein sheinside royal blue ruffle hem cable knit sweater,1,1,1
731,gucci sandals brown brown sandals,2,1,1
732,rimmel kate nudes lipstick various shades,3,3,3
733,kate spade twist bangle,101,101,101
734,pro powder brush,75,101,93
735,kate spade bangle,21,27,23
736,beach cocktail party dress,101,101,101
737,vase color,89,69,76
738,stella mccartney tiny leather chain crossbody bag,1,10,2
739,judith leiber crystal pavé,101,48,82
740,scoop neck tank top,101,101,101
741,lined,101,101,101
742,leopard fur coat,7,4,7
743,velvet gold pearl choker,5,7,5
744,houndstooth throw,1,1,1
745,armani women eau de parfum natural spray fl oz.,28,35,27
746,golden goose pink superstar sneakers,1,1,1
747,mac matte powder blush,7,2,4
748,silver monogram drawstring backpack,8,2,2
749,jean paul vintage fringed cropped cardigan,1,1,1
750,furla designer handbags safari diamante mini crossbody bag,3,2,1
751,sydney evan dance necklace diamonds white gold,1,1,1
752,women's nordstrom precious metal plated cubic zirconia stud earrings,1,11,1
753,choies blue bleached denim jacket,6,10,5
754,black feather chandelier earrings,12,12,12
755,black gold stars rain iphone,1,1,1
756,gray chair,20,20,19
757,vegan mineral lipstick sheer nude pink color natural lip tint balm lip colour,6,29,13
758,french connection denim skinny capri jeans,101,101,101
759,cz stars plated gold necklace,2,1,1
760,alexander wang women's colorblock lace-up leather sneaker,1,47,1
761,sunset,5,9,7
762,piece co. alice olivia jacquard crop top,70,8,21
763,large felt,83,101,70
764,tory burch ivy pumps,3,1,1
765,oasis crop cherry skinny jeans,101,92,78
766,bobbi brown long wear eye kit nordstrom exclusive,11,7,10
767,olivia womens brown strap,101,101,101
768,black bardot crop top,3,5,3
769,marni cashmere coat,3,1,1
770,champagne golden rivet flat heel women shoes,17,8,7
771,yoins grey suede lace-up back knee high boots,1,2,1
772,small set silver,101,101,101
773,rose gold pink topaz carat diamond pendant,1,1,1
774,john hardy men's classic chain sterling silver ring,1,1,1
775,tartan check skater skirt,3,3,3
776,marc jacobs daisy marc jacobs eau fresh oz. spray,6,2,3
777,holiday golden set estee lauder,1,1,1
778,company chandelier,40,25,32
779,women's topshop moto washed denim jacket,3,21,7
780,accessorize embellished tassel pouch purse,3,1,2
781,pleated denim skirt,101,101,101
782,old style elastic waist pleat pattern soft warm skirt ladies,101,101,101
783,womens pale pink pointed toe shoes,100,62,80
784,seven mankind relaxed skinny jeans,101,97,97
785,giuseppe zanotti crystal-embellished metallic leather wing sandals,1,2,1
786,women's stylish plus size short sleeve dress,101,101,101
787,new x cardigan,101,101,101
788,carven mini skirt,101,101,101
789,grace long curly wig warm,5,9,6
790,shoulder printed bodycon dress,4,6,5
791,sweet deluxe necklace gold/black,101,53,98
792,kate spade new york dainty faux pearl ear jacket earrings,2,2,1
793,christian louboutin women's kate glitter mesh pumps,4,5,4
794,women's kate spade new york metro mini cat crystal case watch,2,1,1
795,anne klein women's swarovski watch,18,2,11
796,large fabric bag,27,101,72
797,solid color batwing sleeve round neck jacket,24,64,15
798,eugenia kim embellished,16,5,10
799,show braid bag,5,25,4
800,pink ripped raw hem denim shorts,1,1,1
801,new look petite black ripped knee high waist super skinny jeans,79,53,64
802,christian louboutin pigalle,10,6,6
803,michael kors handle bags michael ava satchel white handbag,1,1,1
804,delpozo sleeveless checkered jacket,1,5,2
805,powder eye shadow deep sea ea,33,43,33
806,rag bone rock w/ black skinny jeans,15,6,8
807,sleeveless side slit top,78,4,12
808,mr italy canvas mini parka,24,5,5
809,plus size black rivet stand collar leather scuba,101,3,15
810,shell large,6,4,5
811,chloé cotton-blend sweater,25,10,12
812,bailey wall,80,101,74
813,gold berry navy iphone 6s case,1,1,1
814,pierre hardy light blue bikini pump,1,1,1
815,nars duo eyeshadow spring color collection,2,1,2
816,aztec buckle backpack black,12,9,11
817,moon dark,101,101,101
818,maison scotch women's la skinny jeans neon coral,1,2,1
819,fashion assorted color lace-up denim short shoes,4,2,2
820,charlotte olympia suede leather cage booties,16,3,6
821,yoins orange chiffon pleated maxi skirt,1,1,1
822,cute summer colorful heart shape womens sunglasses,15,12,13
823,garnet chiffon butterfly zip top,37,12,19
824,h&m matt lipstick,4,3,3
825,pale blue embroidered frayed denim jacket,1,3,2
826,suede gladiator sandals,65,6,24
827,nars nail polish red,6,3,3
828,j.crew collection duster coat,1,1,1
829,rare christian dior print,101,101,101
830,top summer shorts,86,101,101
831,yoins double color beanie hat fur pom pom,11,41,18
832,printed cotton,101,101,101
833,alexander mcqueen women's bags look,13,16,10
834,mini clutch green sarah,55,49,48
835,sleeveless v-neck floral print drawstring waist dress,1,1,1
836,chloé drew shoulder bag,50,52,56
837,citrine emerald cut yellow gold cocktail ring,1,1,1
838,north face scarf,43,101,89
839,designer silver pearl hair pins,2,1,2
840,iro grey lamb leather biker jacket,2,2,2
841,black rhinestone faux pearl pendant layered choker,3,1,1
842,acne studios black ankle boots,17,16,10
843,pink triple flower ear cuff post back,38,36,33
844,preowned 1990s vintage snakeskin print denim brown black jean jacket,1,1,1
845,roland mouret satin pencil skirt,12,7,9
846,yoins white sleeveless shirt letter print,13,10,10
847,preppy lilly pulitzer shirt cover,15,2,4
848,christian louboutin diamond spike,49,38,39
849,pier imports faux lavender floral arrangement,1,1,1
850,ripped knee skinny,101,73,101
851,yoins black rivet embellished mini handbag,6,8,6
852,berry u nail lacquer,101,101,101
853,topshop stripe crop top regular petite black us,7,3,4
854,yoins black fashion clutch bag small bag,101,101,101
855,phillip lim micro cross body bag,101,101,101
856,david,101,101,101
857,men's aviator black sunglasses,19,23,19
858,starbucks new,14,16,17
859,vintage candy stripe peter pan collar shirt dress,1,2,1
860,black mirror,4,5,3
861,stella mccartney velvet tuxedo jeans,9,15,7
862,table lamp design company,32,89,51
863,forever new maria peplum bustier,3,1,2
864,bobbi brown skin concealer,2,2,1
865,bareminerals light translucent powder duo,1,1,1
866,stella mccartney women mini falabella stars shoulder bag,3,1,2
867,wood wood sunglasses,101,101,101
868,nyx eyebrow powder,2,2,2
869,banana republic women factory collarless blouse,1,1,1
870,forever new mini clutch bag,7,101,22
871,vivienne westwood pin bag blue metal handbags,1,1,1
872,wing print logo t-shirt,101,101,101
873,maison long sleeve t-shirt,1,1,1
874,go floppy wool hat grey sale,9,4,5
875,chloé leather ankle boots,49,29,35
876,wide classic natural feather sofa inch,8,6,5
877,mcm medium backpack,7,12,7
878,madewell jean vest clear blue,2,2,2
879,dainty pink peony stem silk artificial flower perfect,2,1,2
880,unisex retro large round metal frame sunglasses color glasses,70,81,60
881,msgm sequin patch cropped jeans,1,1,1
882,women's vintage levi's distressed stone low rise cut-off shorts,24,2,8
883,pro beach mist oz,11,1,4
884,jansport backpack,10,3,10
885,modcloth charm fan,2,101,2
886,new cosmetics black,101,101,101
887,vintage sunglasses,101,55,83
888,red natural,101,101,101
889,tory burch paneled ankle boots,85,101,101
890,women's steve madden platform bootie,9,2,3
891,pointed toe chains chunky heel ankle boots,1,1,1
892,rolling stones cotton-jersey t-shirt,5,6,5
893,floral floppy hat,1,3,1
894,yoins brown bucket shoulder bag,6,5,5
895,essential eyes,101,101,101
896,jack phone case iphone,1,1,1
897,lanvin mini sugar crossbody bag,2,2,1
898,jimmy choo lucy,18,13,14
899,row stretch-cotton leggings,16,2,5
900,michael antonio women's cognac,101,101,101
901,solid tone a-line mini skirt,10,15,9
902,dot bo silicone cover orange,5,2,1
903,ruby prom silver sequin box clutch,2,1,2
904,women's fringed cape knitted kimono coat black,1,2,1
905,yellow infinity loop wool alpaca scarf warm hand knit,2,1,2
906,plus size frayed padded denim waistcoat,1,4,2
907,effy jewelry black white diamond earrings,5,2,2
908,polished lemon,2,9,3
909,single pocket v neck long sleeve sweater,2,3,3
910,givenchy liner couture black,36,12,21
911,steve madden pony hair sneaker,3,1,2
912,pink butterfly wing faux pearl drop earrings,1,1,1
913,black white nike snapback,2,2,2
914,lipstick queen saint lipstick,2,3,2
915,white painted,72,101,79
916,willow exclusive bow clutch,5,6,3
917,aquazzura wild one burgundy suede wedge sandals,1,1,1
918,iphone 5s silver,8,8,9
919,teardrop cut crop top,79,7,16
920,printed linen t-shirt,7,24,7
921,vivienne westwood abstract print oversized coat,47,19,26
922,rick owens hi-top sneakers,1,1,1
923,black long sleeve rivet pu leather zip jacket,52,101,72
924,quilted biker,4,5,3
925,preowned vintage black crocodile top handle handbag,1,1,1
926,marc jacobs patent leather loafers,20,1,1
927,pre-owned christian dior vintage geometric print scarf,1,1,1
928,rag bone high-top leather sneakers,1,5,1
929,jeans cardigan,101,101,101
930,mango bow blouse natural white,36,19,26
931,gianvito rossi women's platform sandals,10,6,6
932,drawstring cropped jeans,4,4,2
933,electric w/ ivory,10,101,11
934,clarins long mascara,10,3,4
935,blue nile garnet beaded ring,1,1,1
936,bling jewelry fancy clear cz triple teardrop chandelier earrings,1,1,1
937,classic pearl jewelry white freshwater cultured pearl 8mm stud earrings,1,23,3
938,gothic ring enamel vintage,5,34,11
939,womens faux fur hooded patchwork short coat yellow,1,3,1
940,pom beanie,27,32,24
941,wool turtleneck jumper,34,101,50
942,blue nile petite trio love knot stud earrings,2,1,1
943,block heel pointy toe pump,101,101,101
944,belted crossbody bag beige,27,76,47
945,black stylish chiffon maxi skirt,5,1,2
946,beret twin flower detail,4,1,3
947,dolce gabbana rose dress,2,4,2
948,polo ralph lauren solid knee-high socks,12,5,7
949,neutral tassel jumper,2,4,3
950,cotton print tunic mod pink,1,1,1
951,deer clear lights christmas decor outdoor holiday decoration,1,1,1
952,sunglasses yellow orange,30,17,22
953,jimmy choo brown suede military style biker boots,1,1,1
954,stella mccartney falabella crystal stones clutch bag,1,3,2
955,men watch,101,101,101
956,pre-owned bow sterling silver chic ring,4,2,5
957,kurt geiger flat espadrille sandals metal,3,3,3
958,cartier de cartier diamond 18k rose gold stainless steel bracelet watch,2,1,2
959,lapis stud earrings,1,3,1
960,angel flowers bouquet free flowers,4,4,2
961,k sandals goop,13,2,2
962,jane loose mineral satin,5,14,5
963,silk ribbon wrap bracelet necklace convertible gypsy boho wrap hippie dusty pink crystal copper wrapped jewelry,1,1,1
964,vans sk8-hi slim,3,7,4
965,kate spade cedar street floral slim bee,2,3,1
966,braided panama hat,7,2,3
967,casual drawstring hoodie,101,101,101
968,sterling silver engagement ring cz simulated onyx ring,101,35,65
969,topshop powder blush good girl,37,8,14
970,plus size zipper hooded waistcoat,4,3,3
971,nail art kit,8,18,9
972,tory burch golden stackable rings,1,2,1
973,curve curl,59,35,33
974,modcloth minimal lucky brand flat,2,37,5
975,daniel wellington stainless steel leather watch,15,15,15
976,furla bubble fox fur pom-pom keychain,14,36,27
977,embroidered tunic dress,101,101,101
978,flat acne studios boots black,101,69,101
979,coco de half cup bra black,58,65,59
980,elizabeth james sam leather sleeve baseball jacket,1,8,3
981,topshop velvet puffer jacket,1,1,1
982,taylor mother pearl,101,26,56
983,henri bendel large satchel,21,26,18
984,asos satchel bag scallop bar detail,1,1,1
985,faux fur coat,101,85,101
986,wild black gold iphone 5/5s,75,41,57
987,great great square striped cotton-jersey dress midnight blue,3,1,2
988,yoins sequin pink dress cut back,14,12,12
989,lucluc red sleeves lapel blazer pockets,18,1,1
990,malene birger pleated leather look skirt,5,3,2
991,medium end,101,101,101
992,oasis bird paradise print vest,1,1,1
993,jean bra,101,101,101
994,row oversize round sunglasses,72,101,72
995,co logo sweetheart bear crystal bracelet steel,1,1,1
996,stainless steel case white sport band,6,7,6
997,rhinestone shiny stone statement necklace,101,101,101
998,daisy shorts,8,7,8
999,velvet graham striped cashmere sweater,5,9,7
1000,trendy suede bag,83,55,47
1001,womens boho vintage watermelon tee beach summer trendy shirt tee top bohemian vintage retro cotton,1,1,1
1002,zip handbag beige suede,101,101,101
1003,nike air max ultra floral-print leather sneakers women's size,1,1,1
1004,j.crew polka-dot scarf paisley trim,1,1,1
1005,christian louboutin pigalle follies 100mm suede pumps,2,6,2
1006,men's t-shirt black,50,80,53
1007,vans authentic lo pro wine skate shoes,2,2,2
1008,alexander wang bomber jacket,2,101,21
1009,velvet matte lip pencil nars,2,6,5
1010,dolce gabbana dolce gabbana mirrored clutch,13,8,6
1011,j.crew always shirt,37,15,15
1012,skinny zip denim trouser,12,4,8
1013,baker ribbed crop top sweater,101,101,101
1014,etro sneaker,1,1,1
1015,mermaid black lace prom dress mermaid sexy back evening dress sexy formal prom dress,1,1,1
1016,long sleeve irregular hem long cardigan,1,1,1
1017,cutout leather sandals,4,1,1
1018,modern decor home office,101,101,101
1019,kelly mini,101,101,101
1020,saint laurent high-rise straight-leg jeans,1,2,1
1021,accessorize statement flower earrings,1,4,2
1022,lace-up metal asymmetrical sandals,101,101,101
1023,full finger ring,79,101,79
1024,ashley light horn bangles,7,10,9
1025,nike zipped cotton blend hoodie,8,7,7
1026,j.crew leather lace-up ballet flats,1,1,1
1027,iphone 5s print case check,1,1,1
1028,yoins white skinny jeans ripped details,43,20,27
1029,envelope shoulder bag mint green,4,5,4
1030,essie gel color rock runway nail polish,81,53,70
1031,yoins deep v-neck vest top blue,1,1,1
1032,sexy short sleeveless leopard printed dress,1,1,1
1033,asos pyramid,101,101,101
1034,j brand mid rise legging,101,101,101
1035,brian wallpaper set,101,101,101
1036,leather sandal k,101,1,6
1037,women's minnie lace shorts,13,4,9
1038,black open shoulder knit t-shirt,4,5,3
1039,narrow silk formal white men's,7,17,7
1040,alexander mcqueen leather clutch,16,2,8
1041,karl lagerfeld twill coat,101,101,101
1042,matte grey stiletto false nails rhinestones,1,1,1
1043,lanvin handle shoulder bag,3,11,5
1044,love ca turquoise midi ring set,1,5,3
1045,stella dot sutton necklace green stone,30,4,13
1046,shein sheinside apricot lapel pockets coat,15,27,13
1047,faux gem velvet triangle choker necklace,1,2,1
1048,valentino floral lace jacket,1,1,1
1049,moto zip crop jacket,101,60,101
1050,kill cover foundation 30ml,1,1,1
1051,lime crime cashmere velvetine liquid lipstick,13,39,19
1052,alexander wang jersey crew tank,4,4,3
1053,topshop moto acid wash leigh jeans,1,4,1
1054,stand collar pocket blue blouse,1,1,1
1055,bobbi brown moisture rich foundation spf,1,1,1
1056,pre-owned hermes blue clutch,1,1,1
1057,fringed flats,2,18,3
1058,shein sheinside suede loafer flats white,2,1,1
1059,sexy spaghetti strap sleeveless striped low cut women's crop top,1,1,1
1060,camo sweat shark,1,1,1
1061,music us butterfly back tank,1,1,1
1062,preowned couture white pleated chiffon one-shoulder gown,1,1,1
1063,striped twill jacquard dress,101,101,101
1064,vegan lipstick natural dusty rose pink lipstick lip tint balm lip colour mineral lipstick,7,7,6
1065,triangle design cardigan,101,101,101
1066,powder rose golden edition,101,101,101
1067,christopher kane stripes flowers appliquéd stretch-jersey turtleneck sweater,1,1,1
1068,balenciaga oversized hooded top,1,1,1
1069,lace double buckle combat boot,9,2,3
1070,tom ford women's optical,5,3,4
1071,candy color sport bra,101,101,101
1072,fashion v neck long sleeve lace sweater women,23,10,15
1073,pre-owned patrick red paul smith bowler,46,1,2
1074,authentic,101,100,101
1075,givenchy floral-print cotton t-shirt,1,8,1
1076,flared checked skirt,1,1,1
1077,metallic eye makeup,1,79,19
1078,around around louis vuitton bag,2,14,2
1079,l.k. bennett skirt,20,35,13
1080,new friends crop tshirt,1,1,1
1081,gucci women mini dionysus gg supreme shoulder bag,1,2,1
1082,marni mary jane shoe,2,1,2
1083,fossil iphone case,101,11,34
1084,perfect club makeup looks sexy smokey,45,52,42
1085,miu miu embellished satin slip-on sneakers,1,1,1
1086,sole society short floral necklace,96,91,84
1087,blue collar gold chain necklace,1,2,1
1088,clothing silver gold jewelry charms,101,101,101
1089,faux fur collar embroidery wool blend coat,1,1,1
1090,bomber w backpack,80,101,86
1091,fruit wall clock,1,1,1
1092,bohemian t-strap flat heel design sandals women,14,9,11
1093,floral-print satin top,1,1,1
1094,lace-up boots military green,1,2,2
1095,zebra print t-shirt dress,1,1,1
1096,fashion hooded pure color long sleeve plush belt coat women,2,2,2
1097,mango check pocket cotton shirt multi,3,2,2
1098,marco de faux fur coat,101,101,101
1099,l'oreal paris cover foundation oz,1,1,1
1100,bath body white sand body golden pineapple,1,1,1
1101,luminous locket heart pendant necklace,1,1,1
1102,women triple stripe knee high socks,2,3,2
1103,betsey johnson iconic garden earrings,101,101,101
1104,river island mid wash rihanna oversized denim jacket,2,2,2
1105,cuff bracelet gold,60,20,38
1106,forever women's bunny slippers,2,2,2
1107,neon statement necklace purple feather bib tassel necklace rainbow geometric necklace,1,1,1
1108,pretty pink engraved pencils pastel,1,1,1
1109,boho suede drawstring crossbody,15,2,7
1110,crochet trim blouse,79,101,89
1111,kate spade new york sutton shoulder bag black,15,4,8
1112,bar ring,54,28,34
1113,schutz pony hair ankle boots,24,13,16
1114,alexander mcqueen cross-body satchel,20,8,11
1115,hollow carved tied apricot flat shoes,3,1,1
1116,one button plaid big pocket wool coat,25,17,21
1117,retro two tone colorful half frame rim sunglasses,3,1,2
1118,ralph lauren black rib tank top,2,9,3
1119,home natural wood virgin pencils,3,1,1
1120,marni mini python cross-body bag,1,1,1
1121,alexander mcqueen large leather tote,26,5,13
1122,wildfox women's deluxe sunglasses gold mirror,101,101,101
1123,eye quad,6,62,15
1124,h&m shorts,45,18,22
1125,straw studios graphic straw tote,2,10,5
1126,beauty sexy waterproof long lasting moisturizing lipstick lip gloss,26,6,6
1127,top hair products,101,101,101
1128,lanvin stone detail lock bracelet,101,2,17
1129,marc marc jacobs small preppy nylon cosmetics case,19,31,19
1130,ray-ban round-frame metal optical glasses,1,2,1
1131,mirror iphone 6s case,32,5,11
1132,cropped shirt,67,39,47
1133,adidas stella mccartney knit jacket,2,5,3
1134,pre-owned beaded forest green zip suede ankle bootie heels boots,1,1,1
1135,lace sheer low cut bra set,3,1,1
1136,embroidered pillow purple design,3,1,1
1137,acne studios suede heels,1,1,1
1138,pier imports mixed faux rope arrangement,1,1,1
1139,plus size lace spliced asymmetric t-shirt,1,1,1
1140,gold plated chunky chain necklace,65,38,51
1141,rag bone pullover,101,19,86
1142,alexander wang black leather backpack,9,1,3
1143,rose fragrance,42,101,61
1144,chan luu black cashmere silk scarf,1,1,1
1145,gold crystal infinity bracelet collection,101,101,101
1146,rag bone straw floppy brim fedora,101,53,101
1147,color plus pale pink table lamp,4,5,4
1148,citrine stones chain pendant necklace,79,101,101
1149,simple mid waist pure color women mini skirt,33,101,64
1150,rosa perforated jacket,25,5,10
1151,forever new high-low dress,1,1,1
1152,amanda,101,101,101
1153,burberry studded jacket,1,2,1
1154,lacoste watch yellow golden crystals swarovski,2,2,2
1155,topman selected homme grey wool rich suit trousers,14,4,7
1156,matthew williamson beaded necklace,12,5,5
1157,pom-pom clutch silver,25,5,7
1158,jaeger jaeger high-rise flare jeans,1,1,1
1159,cashmere jumper funnel collar,87,36,55
1160,nars jane audacious lipstick jane,5,7,5
1161,linen dress linen bridesmaid dress cotton lace dress tunic shift dress girl mod,101,101,101
1162,mini skater skirt,62,58,54
1163,diana vibrant eau de parfum,1,1,1
1164,costume cape,1,1,1
1165,balenciaga le leather bag,101,101,101
1166,loeffler randall women's suede tassel flat leather oxford,31,16,19
1167,faced natural eye neutral eye shadow collection eye,101,101,101
1168,bcbgmaxazria runway skirt,16,56,17
1169,mango floral cut foldover clutch bag,28,8,14
1170,urban decay urban spectrum eyeshadow palette,1,1,1
1171,prada velvet shoulder bag,5,6,5
1172,kate spade new york charlotte street,101,84,101
1173,yves saint laurent vintage earrings,70,26,41
1174,black magnetic pu satchel bag,15,101,53
1175,love stripes handmade black white,11,2,5
1176,women's sun sunscreen lotion,2,5,2
1177,city makeup,101,101,101
1178,satin clutch embroidery moda operandi,3,101,13
1179,bag clutch,101,101,101
1180,lauder christmas kiss lipstick limited edition,20,16,14
1181,alexis bittar crystal lace cuff bracelet,26,35,28
1182,fabric hair bow solid color twill fabric personalized messy bun hair b,1,1,1
1183,topshop moto washed black ripped leigh jeans,76,37,48
1184,table clock,8,11,10
1185,nars audacious lipstick bordeaux,1,1,1
1186,chantecaille gel liner oz,101,101,101
1187,pre-owned judith leiber crystal minaudiere,3,5,3
1188,kenzo flower eau de parfum oz.,1,1,1
1189,blue lovely rabbit pen,1,1,1
1190,fringe chunky heel thigh boots,1,1,1
1191,cute little chinese girl,1,1,1
1192,frill front singlet,6,1,1
1193,pair light khaki sports bandage hand,1,1,1
1194,dorothy perkins bleach high waisted skinny jeans,9,3,5
1195,rhinestone wave layered choker,1,2,1
1196,tank tops sale singlet lady plus size m l xl black dark grey ladies tees sleeveless women singlet coffee shirt,1,6,1
1197,plain zipper pockets fitted tweed pencil dress,101,101,101
1198,black festival chic caged gladiator sandals,10,6,6
1199,gg cap,13,20,13
1200,giorgio armani limited edition de,44,30,38
1201,valentino garavani rockstud,101,101,101
1202,three life,101,101,101
1203,elegant women slim belt brooch black 3/4 sleeve tunic work party pencil dress,1,1,1
1204,cynthia golden floral jacquard bell sleeve dress,8,7,6
1205,women's scarf,22,15,5
1206,shop products,101,101,101
1207,pre-owned apple watch sport,10,3,5
1208,valentine tree day simply design co.,1,1,1
1209,women's metal hollow flat heel sandal black b m us,101,101,101
1210,phillip lim aviator sunglasses,75,101,62
1211,banana cat,1,1,1
1212,women's mac lip,42,52,45
1213,fashionable scoop neck sleeve openwork women,14,55,21
1214,home decor,101,23,31
1215,lipstick printing white short sleeves loose cotton t-shirt,1,1,1
1216,black slim cut-out denim pant stylish curved jeans,11,101,99
1217,suede square weave box clutch,101,101,101
1218,chanel bottle oz,11,14,9
1219,victoria beckham mini bow clutch,13,1,3
1220,christian louboutin jamie peep toe leather platform pumps,1,6,1
1221,french toast girls school french cuff blouse,1,1,1
1222,miu top,64,45,23
1223,kylie lip kit dolce k,4,5,4
1224,set pink purple mini halloween christmas lights black wire,1,1,1
1225,lorac shimmer matte eyeshadow palette,1,2,1
1226,pre-owned american apparel light blue jean jacket,1,1,1
1227,opi cell nail polish,7,21,8
1228,lux accessories crime heart best friends heart pendant necklaces,1,1,1
1229,gucci gg supreme bag,6,5,4
1230,blue mid waist ripped denim shorts,45,41,39
1231,eyelash wink iphone case black,3,2,3
1232,city chic diamante pearl belt,101,101,101
1233,eye stacked necklace,63,101,79
1234,linda farrow round-frame acetate rose gold-tone sunglasses,9,1,3
1235,peach canvas embellished brogues,3,3,3
1236,flower sequin dress,98,101,96
1237,adidas originals top textured-leather high-top sneakers,12,3,4
1238,movado bold stainless steel chronograph bracelet watch,1,1,1
1239,little pom pom choker necklace,3,5,3
1240,les petits women mini alex bunny leather top handle bag,44,19,19
1241,new tank,50,101,101
1242,lattori round neck velvet skirt dress,1,6,2
1243,black faux leather pointed toe elastic ankle boots,2,1,1
1244,pastel wood,101,101,101
1245,american eagle boho embroidered tank,2,1,2
1246,top tropical,101,101,101
1247,soap,6,15,6
1248,watermelon shine lip gloss,2,1,1
1249,robert lee soho horn cuff,1,2,1
1250,iro lolita stripe long jumper,1,1,1
1251,ancient greek sandals shoes ancient greek sandals white leather sandals,3,2,2
1252,girls black velvet choker necklace moon pendant,1,2,1
1253,sophie hulme floral soft envelope clutch,2,1,2
1254,peter geo printed silk-satin shorts,7,10,6
1255,mark graham women's italian leather classic size orange,13,4,3
1256,store paper magazine,63,6,16
1257,prada linea men's sneaker grey,1,1,1
1258,rental christian handbags wine red clutch,91,15,37
1259,converse star one star suede trainers red,2,1,1
1260,gap women knit tank dress,3,1,1
1261,boho scarf,101,74,93
1262,charles charles david leather platform pump,2,2,1
1263,lamp morning,101,101,101
1264,forever glam bib necklace,32,7,7
1265,chains tassel shoulder bag,22,27,21
1266,nike women's air max sneakers,38,17,32
1267,barn wood gallery oversized frame,16,15,15
1268,women's vita self bronzing,1,2,1
1269,chanel vintage half flap bag,51,49,45
1270,balenciaga giant money leather wallet,2,2,1
1271,zero star iphone case,61,46,48
1272,chicnova fashion candy color mohair sweater,28,10,16
1273,alex ani gold bracelet,12,12,13
1274,anne klein women's gold-tone burgundy marble enamel bracelet watch bracelets set,1,1,1
1275,leather jacket love,2,1,1
1276,wildfox lolita deluxe sunglasses,8,91,11
1277,black print split side tshirt dress,4,1,1
1278,alexander wang wang high-rise skinny jeans,101,14,48
1279,backpack post card patches,55,45,45
1280,red gold glitter christmas set glass christmas 90s red christmas christmas decor,1,1,1
1281,luxury red sheer striped wide brim floppy sun hat amazon women’s clothing store,1,1,1
1282,givenchy satin bomber jacket,4,1,1
1283,nails inc new white nail polish,3,1,1
1284,women's reversible tote handbag,12,13,9
1285,iphone 6/6s case glossy,101,101,101
1286,gianvito rossi powder nude patent leather pointy toe mid heel pumps,1,24,7
1287,blue shorts 90s unisex green cream pink brown plaid print cotton 90s high waist shorts back right patch pocket elastic,1,1,1
1288,marc marc jacobs classic hobo textured-leather shoulder bag,2,4,2
1289,new balance women's running classics shoes,1,11,3
1290,nike nike mesh sneakers mint,2,1,2
1291,shoedazzle platform womens black,7,42,11
1292,solid color sleeveless simple design cotton vest,101,84,66
1293,yellow,101,101,101
1294,like flawless tank top tank work tank top tank gym tank,1,1,1
1295,gucci iconic red lipstick,1,1,1
1296,jewelry necklace,71,101,101
1297,gianvito rossi metallic gold pumps,1,1,1
1298,green studded pu chain bag,1,1,1
1299,ribbed lace bodysuit,5,2,3
1300,skater skirts pockets,101,101,101
1301,jane norman denim shorts,72,23,31
1302,silver forest copper hammered loop earrings,1,2,1
1303,smokey eye kit,8,4,5
1304,boho co set,101,101,101
1305,small diamond pyramid ring sterling silver,1,1,1
1306,nude queen size fishnet women's,1,1,1
1307,charlotte russe beaded cuff bracelet,6,9,3
1308,travel mug set black,9,5,6
1309,bobbi brown lip gloss,7,2,4
1310,long sleeve geometric print sweatshirt,3,7,3
1311,shein sheinside pointed toe stiletto heels blue,7,3,4
1312,choies khaki button front plain a-line skirt,15,3,6
1313,hooded zip longline wool coat,1,1,1
1314,women's light loose floral print chiffon sheer kimono,30,20,23
1315,new look chunky chain belt,3,3,2
1316,michael kors women's crosby gray silicone bracelet,1,1,1
1317,versace silver heels,7,9,7
1318,melissa black bronze sequin bodycon dress,1,3,1
1319,embellished cashmere beret,1,1,1
1320,chic pearls gold plated ear stud,5,1,2
1321,chicwish back check print drape coat,1,2,1
1322,proenza schouler clutch,1,3,2
1323,ceramic fluffy hair curling comb dry wet use,1,1,1
1324,white mark women's heather edgy leather panel dress,1,1,1
1325,lord berry eyebrow gel,16,14,14
1326,urban classics ladies checked shirt,3,2,2
1327,pre-owned christian dior medium flower lady dior,1,1,1
1328,topshop petite moto black ripped jamie jeans,36,14,17
1329,circle ring royal blue,4,1,2
1330,bobbi brown full face brush,1,2,1
1331,collection leather rhinestone studded fan band bracelet black,1,14,4
1332,fringed bouclé coat,6,2,3
1333,ribbed jumper,1,14,2
1334,converse star trainers,101,101,101
1335,monki boot,101,101,101
1336,suede fringe crossbody,17,12,11
1337,fendi cat eye sunglasses,10,2,2
1338,berricle silver solitaire pendant necklace made swarovski zirconia carat,3,12,6
1339,iphone 6s silicone case charcoal grey,27,6,14
1340,nike roshe one women's,9,16,14
1341,yoins khaki sexy padded sheer mesh contrast stripe mini dress,1,1,1
1342,yoins leather-look box clutch bag hand beige,3,44,5
1343,river island gold precious stone chain belt,6,3,4
1344,asos bead cord headband,1,1,1
1345,chloe faye small leather shoulder bag,29,49,39
1346,turquoise decorative,4,20,8
1347,curve blue polka dot dress,3,4,5
1348,phillip lim medium bag black,28,17,19
1349,brown faux leather round toe lace platform boots,15,8,10
1350,side table pink,3,6,3
1351,pineapple la iphone case iphone plus case iphone cover iphone plus cover,10,13,12
1352,alice olivia face fox fur pom-pom beanie,1,1,1
1353,love ca coin necklace,101,101,101
1354,christian acetate round cat eye mirror sunglasses,101,58,90
1355,statement black flower collar,62,16,37
1356,new year temporary tattoos metallic tattoos,13,4,10
1357,alexander mcqueen make-up bag,14,43,16
1358,fashionable stripe print zipper design leggings women,2,2,2
1359,fossil cat eye sunglasses,1,4,1
1360,acne studios tech coat,3,5,2
1361,miss selfridge duster coat,15,45,17
1362,tommy hilfiger hilfiger woman rose flower oz,1,1,1
1363,women elle lace sneakers,101,101,101
1364,king ring,101,101,101
1365,bohemian lace crop top,2,1,1
1366,schutz nubuck sandals,60,6,16
1367,burgundy handbags,37,71,42
1368,lauder collection,101,101,101
1369,alaïa embellished suede boots,32,4,5
1370,women's stretch ankle skinny pants,1,8,1
1371,beauty mascara,42,101,61
1372,blue unique print women's sizes colors available,10,2,5
1373,women's ugg australia ribbed knit beanie,50,101,81
1374,vintage gold plated faux pearl clip-on earrings,14,19,15
1375,h&m ballet flats,1,1,1
1376,spirit skull tank top skeleton shirt size m l,1,2,1
1377,gucci cat eye sunglasses crystals,2,1,1
1378,men big size style lace short martin boots oxford shoes,6,4,4
1379,joseph leather stretch legging cognac,3,2,3
1380,round sunglasses bright black frame,32,5,12
1381,girls jewelry perfect gift,101,101,101
1382,cartoon print t-shirt,23,13,12
1383,bidermann gold-plated ring,101,7,54
1384,preowned chanel classic mini flap metallic gold quilted leather,1,1,1
1385,giuseppe zanotti fringed suede boots,1,5,1
1386,red valentino floral print volume skirt,12,2,4
1387,cell phone case charcoal,39,101,44
1388,marc jacobs saddle bag,3,9,4
1389,tarte lingerie lipstick,7,1,3
1390,french carved dining table,1,1,1
1391,lucluc yellow dual flip plain mirror sunglasses,13,2,3
1392,dark green pearl studded patent leather low heel loafers,1,1,1
1393,boohoo smokey eyeshadow palette,10,4,5
1394,dorothy perkins petite boyfriend coat,14,9,9
1395,bottega veneta belted leather satchel,1,1,1
1396,charlotte russe metallic t-strap platform heels,1,1,1
1397,disney collection minnie bandana womens tee,1,1,1
1398,g mineral baked eyeshadow,1,1,1
1399,ray-ban original wayfarer sunglasses,6,8,6
1400,roksanda silk blouse,53,19,26
1401,christopher kane holographic hearts clutch,1,1,1
1402,chic infinite woven bracelets,1,1,1
1403,junior women's floppy straw look hat,58,45,48
1404,secret garden decorative,101,101,101
1405,smart eyeshadow palette,20,16,13
1406,high neck top love,101,101,76
1407,long sleeve pockets solid color cardigan,15,34,15
1408,checked jacket,101,101,101
1409,la glitter clutch,101,89,65
1410,gucci black leather wedge boots,4,2,2
1411,nude stiletto nails nail designs nail art nails stiletto nails false nails acrylic nails pointy nails fake nails press nails,1,2,1
1412,1/2 carat blue diamond solitaire pendant,1,1,1
1413,lauren ralph lauren cable knit throw,1,1,1
1414,pre-owned saint laurent phone case,101,101,101
1415,daily block,29,23,22
1416,proenza schouler wool cotton cashmere sweater,50,5,11
1417,grace long curly wig light blonde,1,1,1
1418,zoe yellow gold diamond bezel bar necklace,3,1,1
1419,elizabeth blazer,101,79,101
1420,earrings earrings antique earrings back earrings daisy earrings red white blue earrings earrings,1,1,1
1421,olympia le tan mini skirt,101,101,101
1422,celine black leather mules gold heels runway,1,1,1
1423,christian louboutin patent leather-trimmed embellished mesh pumps,4,11,7
1424,silver-tone bangle bracelets,6,47,18
1425,h&m bikini top,2,6,3
1426,zimmermann antique floral wrap top,9,1,2
1427,color decor,37,12,16
1428,marc marc jacobs rolled lily dot slim jeans,1,1,1
1429,roberto cavalli shirt,101,84,101
1430,michael kors jet set travel coral leather clutch,1,1,1
1431,bag brooch fendi,1,1,1
1432,stand jacket,101,101,101
1433,i'm hoodie funny hoodie mens,1,1,1
1434,aquazzura women's baby ankle booties,10,8,5
1435,carolina shirt,1,101,30
1436,girly,16,101,35
1437,giuseppe zanotti patent leather ankle boots,2,6,3
1438,m missoni geometric bubble knit cardigan,1,1,1
1439,pleated pants,94,101,95
1440,barbara bui skirt,101,101,101
1441,boutique moschino black dress,1,1,1
1442,topshop moto 90s bleach jamie jeans,31,9,14
1443,kill star women's studded leather jacket,1,1,1
1444,bow cut leather bag,101,101,101
1445,fly light,22,68,30
1446,lighting decor gem aqua blue diamond glass table lamp,1,1,1
1447,oversize beach towel,46,37,35
1448,beaded layered faux leather bracelets,3,3,3
1449,faux pearl floral wedding jewelry set,14,19,15
1450,white washed side table,3,8,4
1451,spaghetti strap buttons crop white lingerie,17,12,10
1452,jules smith women's choker,101,101,101
1453,silver mother forever love pendant necklace,24,2,11
1454,studio banana maxi tote,1,1,1
1455,striped v-neck sweater dress,2,2,2
1456,dr. martens boots eye smooth black,8,6,6
1457,steampunk vintage inspired retro round circle flip sunglasses,7,7,7
1458,new look summer dress,101,12,21
1459,moon stud earrings rose gold,1,1,1
1460,brown point toe tassel pierced flats,2,4,3
1461,emilio pucci printed flared trousers,8,6,6
1462,baublebar navy,49,9,18
1463,run away sandy beach iphone 6s case,1,1,1
1464,marc marc jacobs black nano cross body bag,6,11,7
1465,aztec print tunic dress hem,21,21,21
1466,sophie hulme mini tote,3,10,8
1467,dorothy perkins green sleeved lace top skater,1,1,1
1468,chiffon pleated skirt black,10,6,7
1469,adidas originals raf simons stan smith perforated metallic leather sneakers,1,1,1
1470,elizabeth instagram photos,101,101,101
1471,emma emerald diamond crown ring,37,101,60
1472,rebecca minkoff studded quilted leather shoulder bag,2,1,2
1473,h&m fleece tights,1,1,1
1474,faux leather bustier,3,2,3
1475,sweet king throw,57,70,61
1476,shein sheinside apricot ribbed round neck crop sweater,2,2,2
1477,crystal flower clip black,2,1,1
1478,dance statement bracelet coral,3,5,3
1479,yeezy season oxford shade suede trimmed military boots,1,1,1
1480,shein sheinside golden frame grey lenses sunglasses,19,41,19
1481,marni boxy fit jacket,2,1,1
1482,color life stud earrings,101,101,101
1483,nine west pebbled leather satchel,11,53,15
1484,miss skeleton necklace,6,2,4
1485,italian 14kt yellow gold bead bib inches,1,1,1
1486,silver sequin loose open jacket,1,1,1
1487,yoins orange scoop neck vest,2,1,1
1488,rolling stones cropped top view zara united kingdom,1,1,1
1489,adidas originals women stan smith leather sneakers,18,16,15
1490,vinyl earrings retro music earrings earrings stud jewelry jewelry box,1,101,2
1491,raglan tee teen clothing wet,95,41,54
1492,valentino gold-plated earrings,2,1,1
1493,givenchy silver-tone teardrop crystal pave drop earrings,4,2,1
1494,large leather bag,101,101,101
1495,women's metallic envelope clutch,15,11,14
1496,fendi k leather case,1,1,1
1497,etro dress,101,101,101
1498,beauty box colour gift set,4,9,5
1499,michael antonio women's blue pu,2,3,3
1500,apple design,101,101,101
1501,lucluc black canvas high-heeled shoes flower,101,40,101
1502,beautiful summer wedding,3,2,3
1503,zara short sleeve t-shirt,33,2,6
1504,gift boutique peter helmut mug,6,2,3
1505,stila golden goddess kit,1,1,1
1506,victoria beckham low rise super skinny olive jeans,6,2,3
1507,pigalle python pumps,1,10,4
1508,pink slouchy jogger pant,80,91,72
1509,flash modern office chair,23,6,13
1510,natural bamboo wood brown lens sunglasses,1,1,1
1511,victoria victoria beckham cropped leather biker jacket,1,1,1
1512,monogram copper stars red print tote bag,1,1,1
1513,chicwish tulle a-line skirt mint,1,2,1
1514,sterling silver white sapphire gemstone stackable ring,101,15,59
1515,double time blush pink lace two-piece dress,1,3,1
1516,preowned red white blue beaded earrings,1,1,1
1517,phillip lim twist tank,64,10,19
1518,cambridge satchel company double buckle satchel,26,24,25
1519,vera wang princess night limited edition eau de toilette spray oz.,1,1,1
1520,monica flower hair clip pin rose made usa,15,8,12
1521,glamorous sleeveless frill top,101,101,101
1522,new look green camo print top,12,2,5
1523,chloe lauren leather scallop flats nude,3,3,3
1524,red mug set,1,1,1
1525,forever new day bag,101,39,74
1526,yoins black sexy shoulder long sleeves crop top,1,3,3
1527,miss selfridge pineapple phone case,12,10,9
1528,yoins green leather-look across body bag,101,27,66
1529,chanel eau premiere,2,4,2
1530,distressed high waisted denim pencil skirt,1,1,1
1531,bell military watch,1,1,1
1532,lilly gold-tone mother-of-pearl teardrop ribbon choker necklace,1,1,1
1533,iris,101,101,101
1534,love ca alien iphone 5/5s case,1,1,1
1535,young spirit sandals,101,101,101
1536,crystal strawberry earrings,1,1,1
1537,fendi appliquéd metallic leather shoulder bag,3,1,3
1538,michael kors bow front silk blouse,2,5,4
1539,converse lemon ct ox lemon,2,5,5
1540,signature signature sailor t-shirt dress,7,10,4
1541,amazon.com pizza heart phone case iphone iphone iphone 5c iphone iphone plus galaxy galaxy s4 galaxy one cell accessories,1,1,1
1542,one direction infinity bracelet,2,6,2
1543,stars muscle tee,1,1,1
1544,black cady mini skirt pleated,55,30,39
1545,burberry brit shirt,6,5,5
1546,gianvito rossi suede wedge sandals,1,1,1
1547,new york clutch,101,101,101
1548,kenzo logo printed leather espadrilles,2,1,1
1549,white lapel long sleeve pockets blouse,19,8,12
1550,la perla gold edp 100ml,1,1,1
1551,illuminating bronzing powder,80,4,22
1552,wear black pin button view designs big,1,1,1
1553,london lace platform black ankle boots,28,63,38
1554,balenciaga leather-trimmed woven raffia tote,12,4,8
1555,custom beanie word embroidered beanie hat,13,8,8
1556,love ca bowler hat,1,2,2
1557,cable knit pullover crew neck sweater,14,16,10
1558,mia shoes pom pom gladiator sandals,4,3,3
1559,gucci silk wool-blend cady trousers,12,14,12
1560,rio de beach towel national flag uk,1,2,2
1561,collection freshwater pearl diamond ring,18,3,11
1562,prada women's lace-up ankle boots,1,1,1
1563,headphones black red white,3,1,1
1564,olympia jane embroidered clutch,101,101,101
1565,dolce gabbana dolce eau de parfum spray women's,2,1,2
1566,brown pu pleated midi skirt,3,4,3
1567,givenchy earring,101,101,101
1568,matt gold,101,101,101
1569,dune raffia flatform sandals,95,2,18
1570,diesel boots,1,1,1
1571,use scotch perfect liquid eyeliner,4,2,2
1572,moisturizing gel,6,7,6
1573,giuseppe zanotti circle cutout ankle boot,15,21,12
1574,heart aztec cargo backpack black,1,2,1
1575,victoria's secret sporty cropped tee,1,1,1
1576,flower color vase,26,26,23
1577,set x black wood frames,1,1,1
1578,black cutout faux suede lace-up platform wedge heels,1,1,1
1579,pusheen cat backpack,1,2,1
1580,cameo rose khaki long sleeve belted jacket,2,2,1
1581,back school spiral note book,1,1,1
1582,stuart weitzman grey suede boot,2,1,1
1583,pre-owned marc jacobs tan grained leather tote chain strap pyramid,3,1,1
1584,ruby lotus ring,101,58,101
1585,see chloé wool pullover,101,101,100
1586,tory burch embellished crocheted linen pencil skirt,1,1,1
1587,black leggings,19,9,7
1588,di marco silver raw cut square,20,3,6
1589,aeropostale faux leather classic ballet flat,3,19,1
1590,sweatshirt printed hood,60,98,71
1591,eau de parfum spray,101,83,101
1592,frye chelsea boot,2,2,2
1593,mango polka-dot blouse,10,2,2
1594,women's baublebar double strand pompom necklace,1,1,1
1595,dsquared2 snakeskin leather pumps cm,1,5,3
1596,yoins floral print pattern chiffon loose fit shirt,16,13,11
1597,emilio pucci women cactus printed silk twill scarf,1,5,2
1598,strap chunky sandal,101,101,101
1599,rhinestone earrings amber vintage tiered faceted orange red dress clips autumn rhinestones clip womens gift,2,1,1
1600,bobbi brown extra balm,1,5,2
1601,new modern two tone color square optical frame glasses,4,10,5
1602,corduroy face embroidery baseball hat,1,1,1
1603,14k yellow gold pendant box chain,101,47,80
1604,rebecca minkoff arrow layered y necklace,1,1,1
1605,balmain balmain ruffle sleeve mini dress,2,86,6
1606,love heart tights,1,1,1
1607,awesome note,1,1,1
1608,small backpack,101,30,75
1609,yoins rivet pearl earrings,6,1,1
1610,like boss bold tiffany mint typography iphone,1,1,1
1611,dark pink tie waist shorts,1,3,1
1612,1980s versace black skirt large buckle,53,2,10
1613,basket bag belt,101,101,101
1614,women's kendra scott calvin ring,1,1,1
1615,clean cut away blazer,101,101,101
1616,chloé belted shorts,2,2,3
1617,jean scoop neck tee white t-shirt style,80,43,67
1618,london london purple chronograph dial rose tone mesh bracelet ladies watch,1,1,1
1619,steve madden women's handbag backpack,22,24,17
1620,bruno magic woman edt ml,1,1,1
1621,emporio armani men's classic collection leather strap watch,4,2,4
1622,blazer en stretch ralph lauren blue label,3,4,4
1623,short halter bridesmaid dresses sweetheart formal party gowns backless,1,1,1
1624,pre-owned michael kors satchel,4,64,17
1625,pre-owned celine python mini luggage tote,1,1,1
1626,round abstract side table,35,43,34
1627,sole society pineapple stud earring,1,1,1
1628,rebecca designs yellow agate earrings,3,3,2
1629,angel wings backpack lolita pastel goth,3,1,1
1630,alice olivia floral-print pants alice olivia,32,9,15
1631,steel frame chair,101,101,101
1632,new look pink leather-look backpack,1,1,1
1633,rosie high garden gown,101,101,101
1634,women's summer round neck sleeveless pleated princess dress,101,101,101
1635,nails inc nail collection,18,35,32
1636,embellished tulle velvet silk midi skirt,69,13,27
1637,christian louboutin bow 100mm red sole sandal black,1,1,1
1638,off-white cropped intarsia stretch-knit top,2,1,1
1639,pre-owned zara black pointed pointy toe ballet ballerina strappy strap,3,2,2
1640,saint laurent monogramme leather shoulder bag,71,87,74
1641,miu miu embellished metallic jacquard mini skirt,11,3,5
1642,pre-owned van 18k rose gold beaded band ring,1,1,1
1643,pearls bracelet,49,59,53
1644,topshop contrast sporty seam shorts,21,3,8
1645,women's los angeles cool base jersey,1,1,1
1646,pier imports faux mixed green berry leaves spray,2,2,2
1647,v neck high low oversized sweater,7,6,3
1648,sterling end table,23,11,15
1649,women's blue retro 50s high waist pleated full circle swing dress,101,101,101
1650,moschino denim bucket bag,6,1,2
1651,18k 18k e de,54,19,16
1652,michael kors leather over-the-knee boots,12,3,7
1653,striped high heel ankle boots,7,6,6
1654,pu leather chunky heel ankle boots,101,5,38
1655,pink foldover waist yoga legging,101,101,101
1656,saint laurent micro leather clutch,95,101,101
1657,versace collection knee high 100mm stiletto boot women's zip boots,3,2,2
1658,sam edelman pump rose,1,1,1
1659,yoins stripe eye pattern short length sweatshirt,1,1,1
1660,blue turquoise dangle earrings,11,54,31
1661,rimmel one pink lo,1,1,1
1662,slouch slouchy beanie soft loose beanie hat black beanie,13,17,15
1663,fold zipper ankle boots,2,2,2
1664,faux suede fringe sandal,17,21,18
1665,plaid faux leather rivet shorts,31,33,31
1666,one direction,101,101,101
1667,pre-owned size red black plaid lana wool pleated skirt,3,1,2
1668,90's like,101,101,101
1669,amazon.com show new sexy black tone bow peep toe platform pumps new black pumps,3,1,1
1670,pre-owned casadei animal print pumps,8,1,4
1671,pre-owned clutch tassels limited edition,24,12,13
1672,wildfox print tshirt multi,3,1,1
1673,calvin klein collection fluffy sandals,2,3,2
1674,yoins duster coat check,52,13,23
1675,charcoal heather grey sweatshirt,13,11,11
1676,sophia webster tan camo heels,3,1,1
1677,blue women's monochrome fine belt buckle,4,3,2
1678,la leather watch,101,101,101
1679,kate spade new york first blush collar necklace,3,1,2
1680,black embroidered lace applique cami top,2,1,1
1681,instagram photo,101,101,101
1682,3d bracelet,54,29,27
1683,green blue plaid pencil skirt,1,5,1
1684,kate spade new york cedar street zip around continental wallet,2,6,3
1685,topshop snap wrap pu midi skirt,2,1,1
1686,charlotte russe floral print canvas backpack,6,2,4
1687,diane von furstenberg boho disco leather bucket bag,16,22,16
1688,nicholas kirkwood suede point-toe flats,4,3,4
1689,moschino bucket grained,1,1,1
1690,women's shearling lamb bomber jacket,51,45,44
1691,sleeveless dress,101,101,101
1692,vanessa bruno button front jean skirt,28,2,7
1693,skinny legging luxury touch denim,101,101,101
1694,army green bee embroidery single button coat,1,1,1
1695,opi nail lacquer blue,3,2,2
1696,blank nyc flare jeans,2,4,2
1697,dolce gabbana box bag,18,83,45
1698,frame denim le boyfriend jeans distressed,5,1,2
1699,hermÃ¨s beach cotton,14,35,15
1700,cotton blend striped straight skirt,13,16,13
1701,smythson bright ideas notebook,1,1,1
1702,taylor go style shirt ladies cut colors available,1,1,1
1703,women’s barbour beanie navy,3,4,3
1704,vintage small,49,101,101
1705,emma fox new classics suede bag,6,2,2
1706,back school fun paper high school college typography design chic black white grey gray autumn fall quote art,54,10,16
1707,boohoo acid wash ripped boyfriend jeans,1,2,1
1708,14kt white gold diamond collection choker necklace,7,4,6
1709,chanel inspired no. coco sweatshirt women's urban fashion,2,3,2
1710,womens casual lapel back slit trench coat military green,19,39,25
1711,light grey design fur cuff gloves,1,1,1
1712,eugenia kim fedora w/ braided band,6,4,5
1713,zara basic velvet slipper,1,1,1
1714,charlotte russe nyx butter gloss,3,4,3
1715,metal cuff,101,101,101
1716,school muscle tank,1,1,1
1717,monica denim short sleeved pencil dress,4,1,3
1718,topshop chain ring,11,31,14
1719,soap design,101,101,101
1720,deep v-neck cotton t-shirt,66,99,77
1721,color plus floor lamp,7,3,2
1722,nyx femme shadow palette,1,1,1
1723,yoins brown chunky heels suede short boots,8,7,7
1724,chinese laundry perfect high heels beige,1,1,1
1725,makeup ideas spring,101,93,99
1726,nina ricci pleated silk skirt,101,101,101
1727,roberto cavalli knit coat mink trim,1,1,1
1728,pearl classic earrings,101,98,101
1729,marc jacobs enamel star stud earrings,5,8,5
1730,kate spade friendship bracelet,22,2,8
1731,women's chain earrings,31,19,26
1732,et ribbed stretch-knit skirt,57,57,47
1733,rodriguez design earrings orange,2,9,3
1734,jungle,101,101,101
1735,marchesa goldtone spring rose crystal bracelet,15,1,6
1736,colorful plaid shirt dress,2,1,1
1737,jeffrey red gloss clutch,4,9,3
1738,purple geo galaxy boho bohemian gypsy iphone case iphone plus case iphone cover iphone plus cover,1,7,2
1739,vintage allure bow dress shop red vintage allure bow dresses,1,1,1
1740,michael michael kors large leather tote,4,8,5
1741,desert black leather pant,98,69,82
1742,chicwish ruffled sleeveless crop top pink,19,6,10
1743,nly shoes high heel chunky sandal,1,29,3
1744,miller,101,101,101
1745,kate spade new york lane metallic wallet,2,1,2
1746,alice olivia crochet lace bra top,12,15,11
1747,rain check,101,101,101
1748,charlotte russe peach rose faux suede flower crown charlotte russe charlotte russe,2,1,1
1749,saint laurent classic monogram small fringed suede shoulder bag,3,2,2
1750,mock neck high-low chunky sweater,5,4,5
1751,phillip lim sequined silk turtleneck dress,1,1,1
1752,deep green long sleeve satin romper,1,1,1
1753,seconds summer hard phone case apple iphone 5/5s case black,1,2,1
1754,gianvito rossi clear pvc trim patent leather pumps,8,4,7
1755,lace square toe patent leather ankle boots,2,1,2
1756,smashbox legendary cream lipstick plum matte ea,6,3,4
1757,zipped shape platform booties,17,21,18
1758,bohemian square moonstone ring,1,1,1
1759,coral diamond beaded bracelet,101,8,39
1760,brown faux fur christmas stocking,1,1,1
1761,mix no. washed crossbody bag,65,4,7
1762,rose sunglasses,101,101,101
1763,american vintage linen t-shirt,7,1,2
1764,dior beauty diorshow mono long-wear professional oz.,10,101,38
1765,true religion 3d logo baseball cap,1,1,1
1766,lime crime velvetines liquid matte lipstick black velvet,1,1,1
1767,chloé women's faye small shoulder bag,27,19,26
1768,sequins strapless green maxi dress,4,5,5
1769,pre-owned chloe jane crossbody bag leather suede small,3,15,3
1770,white blonde green three colors ombre hair synthetic clip hair extensions,1,1,1
1771,zac zac basic mini cross body bag blush,5,7,2
1772,stripe mini skirt,73,54,57
1773,tribal print flare skirt,1,3,1
1774,green apple watch band,1,1,1
1775,faced liquid art liner,101,101,101
1776,blue crop top,101,101,101
1777,alice stripe cape blazer,1,1,1
1778,calvin klein collection sleeveless blouse,41,2,5
1779,j.crew sam sunglasses,1,1,1
1780,alice olivia floral-print cotton midi skirt,16,5,8
1781,tibi striped shorts,13,9,10
1782,yoins black zipper embellished drawstring closure handbag,101,101,101
1783,metal pu leather buckles shoulder bag,101,101,101
1784,vintage black white,101,101,101
1785,liquid foundation,4,13,3
1786,gray dial satin diamond ladies watch,1,1,1
1787,cold,101,101,101
1788,bling jewelry bridal teardrop classic cz chandelier earrings,6,3,3
1789,comme des elastic panel shoe,2,1,1
1790,stella jean ruffled blouse,101,45,65
1791,preowned hermes kelly h orange bag hardware,3,2,2
1792,black eye mask,1,1,1
1793,footwear women's chelsea,45,14,14
1794,wooden side table black,3,5,4
1795,roberto cavalli women's accessories look,101,71,101
1796,self high-rise shorts,101,101,101
1797,veil,101,101,101
1798,city boots grey,33,37,33
1799,kate spade new york emoji studs earrings earring,2,1,1
1800,ippolita rock candy 18k yellow gold stud earrings,5,5,5
1801,boutique authentic italian shoes,3,35,5
1802,h hudson suede boots,2,5,2
1803,nina ricci ankle bow bootie,3,1,2
1804,bear hat,1,1,1
1805,emilio pucci crochet shorts,26,8,19
1806,stone abstract earrings,101,92,101
1807,silver forest burgundy gold-tone oval stone leaf filigree drop earrings,1,1,1
1808,victoria's secret pink water bottle,2,1,1
1809,bling eau de parfum spray honey fl oz ml,1,1,1
1810,burberry beauty nail polish military red,2,1,1
1811,asymmetrical zip moto vest,8,4,4
1812,studio coat black,57,64,59
1813,bead snowflake christmas,1,2,2
1814,yoins sexy sequins sleeves drawstring waist playsuit,2,1,1
1815,shein sheinside pink metallic embellished pu backpack,7,33,8
1816,raey silk cami top,2,1,1
1817,preowned hermes skirt long soft leather side zippers leather,4,1,1
1818,black patent leather clutch,3,6,2
1819,michael kors high top sneakers,3,1,1
1820,men's ted baker london round leather strap watch,1,2,1
1821,yoins black fashion front pocket backpack,8,33,9
1822,teal aztec printed belted dress,1,1,1
1823,lucky brand studded cutout belt,4,1,1
1824,floral-print stretch-cotton jersey sweatshirt,1,1,1
1825,lace floral crossbody bag brown,1,2,1
1826,deborah lippmann nail primer,5,2,4
1827,harrods,5,10,6
1828,adult converse star sparkle high-top sneakers,8,1,3
1829,eugenia kim leather ankle boots,32,76,27
1830,smith fall red,56,101,26
1831,lace bustier crop,5,3,3
1832,alexander wang neon knitted stretch cotton skirt,1,1,1
1833,allen embellished bangle bracelet set,10,22,12
1834,kendall kylie sandals,28,1,3
1835,topshop stone ring,101,101,101
1836,new look light blue acid wash ripped knee skinny jeans,1,6,2
1837,cara accessories solid infinity scarf,1,4,2
1838,crepe midi skirt,101,57,101
1839,bareminerals spf foundation,8,4,3
1840,natural beauty tips lips,20,5,9
1841,skeleton hand chain,3,3,3
1842,v neck long sleeve floral tee,1,1,1
1843,black suede peep toe platform heels,1,10,1
1844,home vintage french,101,101,101
1845,guerlain limited edition de iridescent powder hair body,12,15,13
1846,blouse black,40,5,9
1847,sydney evan pave small moon star ring,1,1,1
1848,valentino stripe cashmere pullover,64,5,15
1849,cosmetics cosmetic glitter makeup face eyes lips nails body rose gold jar,3,1,1
1850,flower bouquet vintage gold statement necklace,101,51,101
1851,spf daily cc cream,1,1,1
1852,paul andrew patent amazon sandals,4,10,3
1853,shein sheinside black skinny elastic pant,101,101,101
1854,white finger shape clutches handbags women,4,2,2
1855,fashion letters line pattern sport baseball cap men,1,1,1
1856,guerlain rouge,41,12,15
1857,express stretch cotton dress pant,1,1,1
1858,edited,101,101,101
1859,natural dyed fabric,101,39,101
1860,tory burch straw clutch,13,30,21
1861,street style menswear collection,25,12,13
1862,chain metal crossbody bag,101,39,101
1863,black envelope clutch chain,10,1,5
1864,brooks brothers teardrop hoop earrings,101,70,101
1865,blackfive hollow leather biker gloves,1,1,1
1866,see d reading glasses,6,5,6
1867,kate spade new york charming day charm bracelet,1,1,1
1868,set assorted cactus artificial plant pot,1,2,2
1869,elegant women's tote bag solid color stitching design,101,101,101
1870,yoins floral print pattern,32,11,11
1871,msgm metallic a-line skirt,5,4,2
1872,diesel jeans straight leg inch,14,21,15
1873,alexander wang distressed low-rise wide-leg jeans,1,1,1
1874,pink crew neck alien print crop t-shirt,1,1,1
1875,table natural,101,101,101
1876,denim jeans women ladies jeans online,101,101,101
1877,choies black embroidery floral zipper bomber jacket,4,6,5
1878,fossil modern sport automatic dark brown leather watch,2,2,2
1879,christian louboutin 100mm suede pumps,42,33,36
1880,vintage simple geometric circle opening bracelet women,9,2,2
1881,yoins love velvet hoop choker necklace black,101,35,100
1882,edge high waist denim shorts,30,69,30
1883,billabong floral canvas zip wallet,11,18,13
1884,j.crew bag,8,24,9
1885,anna clutch glass clutches,101,101,101
1886,women's saint laurent babies chelsea boot,10,4,5
1887,cocoon online shop,101,101,101
1888,lip,101,101,101
1889,m&co velour cushion,2,12,4
1890,bow rivet transparent stiletto heel pumps,2,2,2
1891,ugg classic short metallic patent,1,1,1
1892,high summer look,101,101,101
1893,maybelline eye shadow palette nudes,1,1,1
1894,rose noir eau de parfum,1,1,1
1895,pouch,101,101,101
1896,pre-owned gucci black suede extra large tote,1,2,2
1897,casual single button thick woolen long coat,11,2,4
1898,red bandeau skater dress,1,1,1
1899,retro clock red,1,1,1
1900,j queen new york black round pillow,1,1,1
1901,shirt rock band crop top shirt crop top shirt tank shirt tshirt white,8,11,7
1902,versatile full wall bed piece,1,1,1
1903,celine smooth leather micro luggage bag cobalt royal blue,2,1,1
1904,pre-owned chanel pink caviar medium classic double flap bag,2,1,1
1905,proenza schouler mini classic black stud,49,28,31
1906,yoins yellow plunge lace pleated strappy cami dress,1,1,1
1907,emerald inches mini pocket satchel london,2,4,3
1908,patent women's shoes,101,101,101
1909,nars lipstick,101,101,101
1910,givenchy pandora box chain leather shoulder bag,12,8,11
1911,desert print frame,2,1,1
1912,pointed toe rivet chunky heel boots,10,19,11
1913,bean bag,11,24,22
1914,versace medusa ballerinas,1,1,1
1915,rose lace jeans,37,8,14
1916,topshop petite sporty t-shirt dress,23,28,14
1917,acrylic coffee table,1,1,1
1918,vintage round white cat eye sunglasses,6,4,4
1919,hand ring earrings,1,1,1
1920,nyc american college rose bomber jacket,67,101,101
1921,charlotte russe bamboo almond toe ballet flats,3,5,5
1922,lily women,101,101,101
1923,collection weekend john lewis leather brogues tan,1,4,2
1924,iro walker camel wool blend coat,2,3,2
1925,navy green classics retro mens shoes cheap,27,1,2
1926,loose fit letters print color spliced lace-up jogger pants men,1,2,2
1927,french connection peplum top,14,1,1
1928,quay beige cat-eye sunglasses,2,2,2
1929,vampire red lipstick,101,101,101
1930,ray-ban round metal sunglasses matte silver,2,1,1
1931,faux pearl rectangle ring,1,1,1
1932,phillip lim pencil skirt,101,101,101
1933,sport couture jacket,4,2,3
1934,cape knot bracelet,1,1,1
1935,uniqlo work short coat,6,2,3
1936,diane von furstenberg gallery secret agent large fringed metallic tweed tote,1,1,1
1937,women's sandal,101,101,101
1938,raw cut wireless floral printed adjustable thin bra,18,2,5
1939,floral embroidered blouse,2,3,2
1940,pink pastel print crop top,5,1,2
1941,jeans ankle jeans,58,101,101
1942,embroidered lace insert plus size dress,101,7,101
1943,calvin klein denim jacket,35,63,43
1944,valentino garavani lock embroidered leather bag,7,2,4
1945,gucci embellished leather sandals,2,1,2
1946,jimmy choo candy acrylic clutch,5,4,2
1947,rock hand snapback,1,1,1
1948,cherry lip gloss,1,2,1
1949,topshop moto joni high rise skinny jeans,77,73,55
1950,sweet women's wedge shoes hollow peep toe design,46,35,28
1951,adidas originals black vintage gazelle sneakers,1,1,1
1952,plus size dress plum wine,10,8,8
1953,nearly natural red rose vase silk flower arrangement,5,6,5
1954,floral applique jacket,43,44,40
1955,zipper a-line skirt,101,101,101
1956,winter warm lace ankle women flat boots,2,2,2
1957,sand holder,101,101,93
1958,j.w.anderson mini leather shoulder bag,10,101,13
1959,pin bracelet,1,1,1
1960,rio clutch,101,101,101
1961,timberland women's waterproof winter boot,2,3,2
1962,ivory white satin sandals,19,8,12
1963,kendra scott button earrings,4,2,1
1964,color block pu trim nylon casual tote bag,14,3,7
1965,de buckled leather waist belt,22,68,39
1966,yves saint laurent rouge,1,11,4
1967,shein sheinside navy hooded letters print sweatshirt,1,1,1
1968,ice ct sky blue topaz silver earrings,1,1,1
1969,maurices hat stone embellished band,101,101,101
1970,lulu leather drawstring bag,101,101,101
1971,party,101,101,101
1972,sailor moon costume shopping,39,66,33
1973,brown metal chain pu shoulder bag,7,13,9
1974,silver infinity stud earrings,1,1,1
1975,london willow fedora burgundy festival band,7,11,8
1976,alexander mcqueen silk crepe de chine blouse,101,18,42
1977,michael kors jewelry gold link horn necklace,2,9,3
1978,row knit hoodie,2,3,2
1979,black slimming womens collar pu leather jacket,3,8,4
1980,cobalt indigo,101,101,101
1981,deborah lippmann nail color blue orchid oz ml,1,2,2
1982,stella mccartney high waist wool trousers four pockets stella mccartney,101,101,101
1983,jeffrey campbell statement pretty flat,11,2,2
1984,collection white south sea pearl diamond ring,4,5,3
1985,alice olivia hard clutch,101,68,101
1986,pair,101,101,101
1987,maison margiela mesh ankle boots,12,6,7
1988,bustier lace top,8,3,5
1989,white buckle strappy wedge sandals,2,7,4
1990,chicnova fashion denim letter print crop top,1,1,1
1991,yoins black fashion square earrings,3,3,3
1992,night market sequin embellished bomber,12,2,9
1993,st. paul bangle,101,60,101
1994,book market hidden,101,101,101
1995,rag bone women's ankle boots,22,22,17
1996,delicate leaf necklace,17,63,33
1997,balmain ruffled off-the-shoulder top,1,4,2
1998,jeans high-rise jeans,101,101,101
1999,lands first teen vogue cover toms,2,1,1
